"annotation_status","annotation_priority","JID","decision_year","court","JTITLE","JCASE","JNO","JDATE","json_file","contract_price","delay_days","claimed_penalty","allowed_penalty","remaining_ratio","reduction_rate","reduction_bucket","target_quality","x_log_contract_price","x_log_claimed_penalty","x_claim_to_contract_ratio","x_delay_days","x_penalty_per_delay_day","x_issue_owner_fault","x_issue_contractor_fault","x_issue_extension_request","x_issue_actual_damage_unclear","x_issue_partial_completion","x_issue_used_by_owner","x_ai_issue_owner_fault","x_ai_issue_contractor_fault","x_ai_issue_extension_request","x_ai_issue_actual_damage_unclear","x_ai_issue_partial_completion","x_ai_issue_used_by_owner","x_money_candidate_count","x_delay_candidate_count","x_relevance_score","x_penalty_term_count","x_delay_term_count","x_strong_reduction_term_count","x_has_mfa_252","x_has_discretion","x_has_over_high"
"needs_manual_review","1","KSDV,109,訴,1349,20210122,4","2021","臺灣高雄地方法院民事","返還履約保證金等","訴","1349","20210122","02_輸入資料/法律課程資料庫-20260707T080337Z-3-001/法律課程資料庫/依年份分類/202101/臺灣高雄地方法院民事/KSDV,109,訴,1349,20210122,4.json","","","","","","","","missing_claimed_or_allowed_penalty","0","0","0","0","0","0","0","0","0","0","0","0","1","1","1","1","1","26","12","285","2","3","4","1","1","1"
"needs_manual_review","2","MLDV,109,建,21,20210128,1","2021","臺灣苗栗地方法院民事","給付監造服務費用等","建","21","20210128","02_輸入資料/法律課程資料庫-20260707T080337Z-3-001/法律課程資料庫/依年份分類/202101/臺灣苗栗地方法院民事/MLDV,109,建,21,20210128,1.json","","","","","","","","missing_claimed_or_allowed_penalty","0","0","0","0","0","0","0","0","0","0","0","1","1","0","1","1","1","26","12","263","2","3","4","1","1","0"
"needs_manual_review","3","TPHV,108,建上,20,20210331,1","2021","臺灣高等法院民事","給付工程款","建上","20","20210331","02_輸入資料/法律課程資料庫-20260707T080337Z-3-001/法律課程資料庫/依年份分類/202103/臺灣高等法院民事/TPHV,108,建上,20,20210331,1.json","","","","","","","","missing_claimed_or_allowed_penalty","0","0","0","0","0","0","0","0","0","0","0","1","0","1","0","1","0","36","12","343","2","4","2","0","1","1"
"needs_manual_review","4","TCHV,108,建上,22,20210421,1","2021","臺灣高等法院臺中分院民事","給付工程款等","建上","22","20210421","02_輸入資料/法律課程資料庫-20260707T080337Z-3-001/法律課程資料庫/依年份分類/202104/臺灣高等法院臺中分院民事/TCHV,108,建上,22,20210421,1.json","","","","","","","","missing_claimed_or_allowed_penalty","0","0","0","0","0","0","0","0","0","0","0","1","1","1","1","1","1","34","12","698","2","6","4","0","1","1"
"needs_manual_review","5","TCDV,109,建,95,20210415,1","2021","臺灣臺中地方法院民事","給付工程款","建","95","20210415","02_輸入資料/法律課程資料庫-20260707T080337Z-3-001/法律課程資料庫/依年份分類/202104/臺灣臺中地方法院民事/TCDV,109,建,95,20210415,1.json","","","","","","","","missing_claimed_or_allowed_penalty","0","0","0","0","0","0","0","0","0","0","0","1","1","1","1","1","0","3","12","405","2","5","4","0","0","1"
"needs_manual_review","6","TNHV,109,建上更一,3,20210420,1","2021","臺灣高等法院臺南分院民事","給付工程款","建上更一","3","20210420","02_輸入資料/法律課程資料庫-20260707T080337Z-3-001/法律課程資料庫/依年份分類/202104/臺灣高等法院臺南分院民事/TNHV,109,建上更一,3,20210420,1.json","","","","","","","","missing_claimed_or_allowed_penalty","0","0","0","0","0","0","0","0","0","0","0","1","1","1","1","1","0","17","12","396","2","5","4","0","1","1"
"needs_manual_review","7","CHDV,110,建,4,20210430,1","2021","臺灣彰化地方法院民事","給付工程款等","建","4","20210430","02_輸入資料/法律課程資料庫-20260707T080337Z-3-001/法律課程資料庫/依年份分類/202104/臺灣彰化地方法院民事/CHDV,110,建,4,20210430,1.json","","","","","","","","missing_claimed_or_allowed_penalty","0","0","0","0","0","0","0","0","0","0","0","1","1","1","1","1","0","31","12","259","2","4","4","0","1","1"
"needs_manual_review","8","TNHV,106,建上,8,20210408,1","2021","臺灣高等法院臺南分院民事","給付工程款","建上","8","20210408","02_輸入資料/法律課程資料庫-20260707T080337Z-3-001/法律課程資料庫/依年份分類/202104/臺灣高等法院臺南分院民事/TNHV,106,建上,8,20210408,1.json","","","","","","","","missing_claimed_or_allowed_penalty","0","0","0","0","0","0","0","0","0","0","0","1","0","1","1","1","1","33","12","259","2","5","4","1","1","1"
"needs_manual_review","9","TPHV,108,建上,80,20210519,3","2021","臺灣高等法院民事","給付工程款","建上","80","20210519","02_輸入資料/法律課程資料庫-20260707T080337Z-3-001/法律課程資料庫/依年份分類/202105/臺灣高等法院民事/TPHV,108,建上,80,20210519,3.json","","","","","","","","missing_claimed_or_allowed_penalty","0","0","0","0","0","0","0","0","0","0","0","1","1","1","1","1","0","24","12","478","2","6","4","1","1","1"
"needs_manual_review","10","TPDV,109,建,376,20210528,1","2021","臺灣臺北地方法院民事","給付工程款","建","376","20210528","02_輸入資料/法律課程資料庫-20260707T080337Z-3-001/法律課程資料庫/依年份分類/202105/臺灣臺北地方法院民事/TPDV,109,建,376,20210528,1.json","","","","","","","","missing_claimed_or_allowed_penalty","0","0","0","0","0","0","0","0","0","0","0","0","1","1","1","1","0","31","12","355","2","5","4","1","1","1"
"needs_manual_review","11","CHDV,108,建,3,20210621,1","2021","臺灣彰化地方法院民事","給付工程款等","建","3","20210621","02_輸入資料/法律課程資料庫-20260707T080337Z-3-001/法律課程資料庫/依年份分類/202106/臺灣彰化地方法院民事/CHDV,108,建,3,20210621,1.json","","","","","","","","missing_claimed_or_allowed_penalty","0","0","0","0","0","0","0","0","0","0","0","0","1","0","1","1","0","36","12","348","2","3","3","0","0","1"
"needs_manual_review","12","TPDV,107,建,379,20211125,1","2021","臺灣臺北地方法院民事","給付工程款","建","379","20211125","02_輸入資料/法律課程資料庫-20260707T080337Z-3-001/法律課程資料庫/依年份分類/202111/臺灣臺北地方法院民事/TPDV,107,建,379,20211125,1.json","","","","","","","","missing_claimed_or_allowed_penalty","0","0","0","0","0","0","0","0","0","0","0","1","1","1","1","1","0","19","12","504","2","5","4","1","1","1"
"needs_manual_review","13","PCDV,107,建,2,20211221,1","2021","臺灣新北地方法院民事","給付工程款等","建","2","20211221","02_輸入資料/法律課程資料庫-20260707T080337Z-3-001/法律課程資料庫/依年份分類/202112/臺灣新北地方法院民事/PCDV,107,建,2,20211221,1.json","","","","","","","","missing_claimed_or_allowed_penalty","0","0","0","0","0","0","0","0","0","0","0","1","1","1","0","1","1","36","12","710","2","5","1","0","0","1"
"needs_manual_review","14","CHDV,107,建,30,20211222,1","2021","臺灣彰化地方法院民事","給付工程款","建","30","20211222","02_輸入資料/法律課程資料庫-20260707T080337Z-3-001/法律課程資料庫/依年份分類/202112/臺灣彰化地方法院民事/CHDV,107,建,30,20211222,1.json","","","","","","","","missing_claimed_or_allowed_penalty","0","0","0","0","0","0","0","0","0","0","0","1","1","1","1","1","1","36","12","487","2","4","4","0","0","1"
"needs_manual_review","15","TPDV,105,建,400,20211227,1","2021","臺灣臺北地方法院民事","給付工程款等","建","400","20211227","02_輸入資料/法律課程資料庫-20260707T080337Z-3-001/法律課程資料庫/依年份分類/202112/臺灣臺北地方法院民事/TPDV,105,建,400,20211227,1.json","","","","","","","","missing_claimed_or_allowed_penalty","0","0","0","0","0","0","0","0","0","0","0","1","1","1","1","1","1","36","12","361","2","5","2","0","1","0"
"needs_manual_review","16","TPDV,107,建,335,20211229,2","2021","臺灣臺北地方法院民事","給付工程款","建","335","20211229","02_輸入資料/法律課程資料庫-20260707T080337Z-3-001/法律課程資料庫/依年份分類/202112/臺灣臺北地方法院民事/TPDV,107,建,335,20211229,2.json","","","","","","","","missing_claimed_or_allowed_penalty","0","0","0","0","0","0","0","0","0","0","0","1","1","1","1","1","1","36","12","279","2","4","4","0","1","1"
"needs_manual_review","17","KSHV,109,建上,26,20220309,1","2022","臺灣高等法院高雄分院民事","返還不當得利","建上","26","20220309","02_輸入資料/法律課程資料庫-20260707T080337Z-3-001/法律課程資料庫/依年份分類/202203/臺灣高等法院高雄分院民事/KSHV,109,建上,26,20220309,1.json","","","","","","","","missing_claimed_or_allowed_penalty","0","0","0","0","0","0","0","0","0","0","0","1","1","1","1","1","1","29","12","437","2","5","4","1","1","1"
"needs_manual_review","18","TCDV,107,建,70,20220317,4","2022","臺灣臺中地方法院民事","給付工程款","建","70","20220317","02_輸入資料/法律課程資料庫-20260707T080337Z-3-001/法律課程資料庫/依年份分類/202203/臺灣臺中地方法院民事/TCDV,107,建,70,20220317,4.json","","","","","","","","missing_claimed_or_allowed_penalty","0","0","0","0","0","0","0","0","0","0","0","1","1","1","1","1","1","36","12","422","2","5","4","1","1","1"
"needs_manual_review","19","KSHV,109,建上,33,20220316,1","2022","臺灣高等法院高雄分院民事","給付工程款","建上","33","20220316","02_輸入資料/法律課程資料庫-20260707T080337Z-3-001/法律課程資料庫/依年份分類/202203/臺灣高等法院高雄分院民事/KSHV,109,建上,33,20220316,1.json","","","","","","","","missing_claimed_or_allowed_penalty","0","0","0","0","0","0","0","0","0","0","0","1","1","1","1","1","0","19","12","306","2","4","4","1","0","1"
"needs_manual_review","20","HLHV,109,建上,6,20220413,1","2022","臺灣高等法院花蓮分院民事","給付違約金等","建上","6","20220413","02_輸入資料/法律課程資料庫-20260707T080337Z-3-001/法律課程資料庫/依年份分類/202204/臺灣高等法院花蓮分院民事/HLHV,109,建上,6,20220413,1.json","","","","","","","","missing_claimed_or_allowed_penalty","0","0","0","0","0","0","0","0","0","0","0","1","1","1","1","1","1","36","12","619","2","4","4","1","0","1"
"needs_manual_review","21","PCDV,109,建,93,20220412,1","2022","臺灣新北地方法院民事","給付工程款","建","93","20220412","02_輸入資料/法律課程資料庫-20260707T080337Z-3-001/法律課程資料庫/依年份分類/202204/臺灣新北地方法院民事/PCDV,109,建,93,20220412,1.json","","","","","","","","missing_claimed_or_allowed_penalty","0","0","0","0","0","0","0","0","0","0","0","1","1","1","0","1","0","33","12","583","2","6","4","1","1","0"
"needs_manual_review","22","TYDV,109,建,32,20220408,1","2022","臺灣桃園地方法院民事","給付工程款","建","32","20220408","02_輸入資料/法律課程資料庫-20260707T080337Z-3-001/法律課程資料庫/依年份分類/202204/臺灣桃園地方法院民事/TYDV,109,建,32,20220408,1.json","","","","","","","","missing_claimed_or_allowed_penalty","0","0","0","0","0","0","0","0","0","0","0","1","1","1","1","1","1","35","12","482","2","5","4","1","1","1"
"needs_manual_review","23","TPDV,110,建,177,20220407,1","2022","臺灣臺北地方法院民事","給付逾期違約金","建","177","20220407","02_輸入資料/法律課程資料庫-20260707T080337Z-3-001/法律課程資料庫/依年份分類/202204/臺灣臺北地方法院民事/TPDV,110,建,177,20220407,1.json","","","","","","","","missing_claimed_or_allowed_penalty","0","0","0","0","0","0","0","0","0","0","0","1","0","1","1","1","0","28","12","338","2","5","4","1","1","1"
"needs_manual_review","24","TPDV,103,建,430,20220531,1","2022","臺灣臺北地方法院民事","給付工程款","建","430","20220531","02_輸入資料/法律課程資料庫-20260707T080337Z-3-001/法律課程資料庫/依年份分類/202205/臺灣臺北地方法院民事/TPDV,103,建,430,20220531,1.json","","","","","","","","missing_claimed_or_allowed_penalty","0","0","0","0","0","0","0","0","0","0","0","1","1","1","0","1","0","36","12","472","2","4","3","1","1","0"
"needs_manual_review","25","TCHV,111,建上更一,6,20220531,1","2022","臺灣高等法院臺中分院民事","請求給付工程款","建上更一","6","20220531","02_輸入資料/法律課程資料庫-20260707T080337Z-3-001/法律課程資料庫/依年份分類/202205/臺灣高等法院臺中分院民事/TCHV,111,建上更一,6,20220531,1.json","","","","","","","","missing_claimed_or_allowed_penalty","0","0","0","0","0","0","0","0","0","0","0","0","1","0","1","1","1","29","12","306","2","3","4","0","1","1"
"needs_manual_review","26","TCHV,110,建上,69,20220621,1","2022","臺灣高等法院臺中分院民事","給付工程款等","建上","69","20220621","02_輸入資料/法律課程資料庫-20260707T080337Z-3-001/法律課程資料庫/依年份分類/202206/臺灣高等法院臺中分院民事/TCHV,110,建上,69,20220621,1.json","","","","","","","","missing_claimed_or_allowed_penalty","0","0","0","0","0","0","0","0","0","0","0","0","1","0","1","1","0","36","12","534","2","3","2","0","1","0"
"needs_manual_review","27","TCHV,108,建上更一,25,20220614,1","2022","臺灣高等法院臺中分院民事","給付工程款等","建上更一","25","20220614","02_輸入資料/法律課程資料庫-20260707T080337Z-3-001/法律課程資料庫/依年份分類/202206/臺灣高等法院臺中分院民事/TCHV,108,建上更一,25,20220614,1.json","","","","","","","","missing_claimed_or_allowed_penalty","0","0","0","0","0","0","0","0","0","0","0","1","1","1","1","1","1","26","12","475","2","4","4","0","1","1"
"needs_manual_review","28","PCDV,109,建,79,20220630,1","2022","臺灣新北地方法院民事","給付工程款等","建","79","20220630","02_輸入資料/法律課程資料庫-20260707T080337Z-3-001/法律課程資料庫/依年份分類/202206/臺灣新北地方法院民事/PCDV,109,建,79,20220630,1.json","","","","","","","","missing_claimed_or_allowed_penalty","0","0","0","0","0","0","0","0","0","0","0","1","1","1","1","1","0","31","12","354","2","5","4","1","1","1"
"needs_manual_review","29","TPHV,109,建上,30,20220803,2","2022","臺灣高等法院民事","給付工程款","建上","30","20220803","02_輸入資料/法律課程資料庫-20260707T080337Z-3-001/法律課程資料庫/依年份分類/202208/臺灣高等法院民事/TPHV,109,建上,30,20220803,2.json","","","","","","","","missing_claimed_or_allowed_penalty","0","0","0","0","0","0","0","0","0","0","0","1","1","1","1","1","0","36","12","442","2","5","2","0","0","1"
"needs_manual_review","30","TPHV,109,建上,31,20220803,2","2022","臺灣高等法院民事","給付工程款等","建上","31","20220803","02_輸入資料/法律課程資料庫-20260707T080337Z-3-001/法律課程資料庫/依年份分類/202208/臺灣高等法院民事/TPHV,109,建上,31,20220803,2.json","","","","","","","","missing_claimed_or_allowed_penalty","0","0","0","0","0","0","0","0","0","0","0","1","1","1","1","1","0","36","12","442","2","5","2","0","0","1"
"needs_manual_review","31","TPHV,107,建上,43,20220823,1","2022","臺灣高等法院民事","返還履約保證金等","建上","43","20220823","02_輸入資料/法律課程資料庫-20260707T080337Z-3-001/法律課程資料庫/依年份分類/202208/臺灣高等法院民事/TPHV,107,建上,43,20220823,1.json","","","","","","","","missing_claimed_or_allowed_penalty","0","0","0","0","0","0","0","0","0","0","0","1","1","1","1","1","1","36","12","283","1","5","3","0","0","1"
"needs_manual_review","32","TPDV,109,建,151,20221031,2","2022","臺灣臺北地方法院民事","給付工程款等","建","151","20221031","02_輸入資料/法律課程資料庫-20260707T080337Z-3-001/法律課程資料庫/依年份分類/202210/臺灣臺北地方法院民事/TPDV,109,建,151,20221031,2.json","","","","","","","","missing_claimed_or_allowed_penalty","0","0","0","0","0","0","0","0","0","0","0","1","1","1","1","1","0","32","12","402","2","4","3","1","1","1"
"needs_manual_review","33","TNHV,109,建上,22,20221011,1","2022","臺灣高等法院臺南分院民事","延遲給付工程款之利息等","建上","22","20221011","02_輸入資料/法律課程資料庫-20260707T080337Z-3-001/法律課程資料庫/依年份分類/202210/臺灣高等法院臺南分院民事/TNHV,109,建上,22,20221011,1.json","","","","","","","","missing_claimed_or_allowed_penalty","0","0","0","0","0","0","0","0","0","0","0","1","0","0","1","1","1","36","12","372","2","2","4","0","1","0"
"needs_manual_review","34","ULDV,111,訴,67,20221004,1","2022","臺灣雲林地方法院民事","給付工程款","訴","67","20221004","02_輸入資料/法律課程資料庫-20260707T080337Z-3-001/法律課程資料庫/依年份分類/202210/臺灣雲林地方法院民事/ULDV,111,訴,67,20221004,1.json","","","","","","","","missing_claimed_or_allowed_penalty","0","0","0","0","0","0","0","0","0","0","0","0","1","1","1","1","0","26","12","306","2","5","4","1","1","1"
"needs_manual_review","35","TPDV,105,建,293,20221130,3","2022","臺灣臺北地方法院民事","給付違約金等","建","293","20221130","02_輸入資料/法律課程資料庫-20260707T080337Z-3-001/法律課程資料庫/依年份分類/202211/臺灣臺北地方法院民事/TPDV,105,建,293,20221130,3.json","","","","","","","","missing_claimed_or_allowed_penalty","0","0","0","0","0","0","0","0","0","0","0","1","1","1","0","1","0","24","12","460","2","5","4","1","1","1"
"needs_manual_review","36","KSDV,107,建,28,20221130,2","2022","臺灣高雄地方法院民事","給付工程款","建","28","20221130","02_輸入資料/法律課程資料庫-20260707T080337Z-3-001/法律課程資料庫/依年份分類/202211/臺灣高雄地方法院民事/KSDV,107,建,28,20221130,2.json","","","","","","","","missing_claimed_or_allowed_penalty","0","0","0","0","0","0","0","0","0","0","0","1","1","1","1","1","1","25","12","350","2","4","4","1","1","1"
"needs_manual_review","37","TPHV,110,建上,9,20221230,1","2022","臺灣高等法院民事","給付工程款","建上","9","20221230","02_輸入資料/法律課程資料庫-20260707T080337Z-3-001/法律課程資料庫/依年份分類/202212/臺灣高等法院民事/TPHV,110,建上,9,20221230,1.json","","","","","","","","missing_claimed_or_allowed_penalty","0","0","0","0","0","0","0","0","0","0","0","1","1","1","0","1","0","34","12","447","2","4","2","0","1","0"
"needs_manual_review","38","CYDV,109,建,4,20230109,3","2023","臺灣嘉義地方法院民事","給付工程款","建","4","20230109","02_輸入資料/法律課程資料庫-20260707T080337Z-3-001/法律課程資料庫/依年份分類/202301/臺灣嘉義地方法院民事/CYDV,109,建,4,20230109,3.json","","","","","","","","missing_claimed_or_allowed_penalty","0","0","0","0","0","0","0","0","0","0","0","1","1","1","1","1","1","30","12","1576","2","6","5","0","1","1"
"needs_manual_review","39","TPHV,109,建上,50,20230117,1","2023","臺灣高等法院民事","給付工程款","建上","50","20230117","02_輸入資料/法律課程資料庫-20260707T080337Z-3-001/法律課程資料庫/依年份分類/202301/臺灣高等法院民事/TPHV,109,建上,50,20230117,1.json","","","","","","","","missing_claimed_or_allowed_penalty","0","0","0","0","0","0","0","0","0","0","0","1","1","1","1","1","0","29","12","477","2","6","4","1","1","1"
"needs_manual_review","40","TPDV,111,建,106,20230119,1","2023","臺灣臺北地方法院民事","確認工程款債權存在等","建","106","20230119","02_輸入資料/法律課程資料庫-20260707T080337Z-3-001/法律課程資料庫/依年份分類/202301/臺灣臺北地方法院民事/TPDV,111,建,106,20230119,1.json","","","","","","","","missing_claimed_or_allowed_penalty","0","0","0","0","0","0","0","0","0","0","0","1","1","0","1","1","1","34","12","271","2","3","3","0","1","1"
"needs_manual_review","41","TPHV,107,建上,38,20230221,1","2023","臺灣高等法院民事","給付違約金等","建上","38","20230221","02_輸入資料/法律課程資料庫-20260707T080337Z-3-001/法律課程資料庫/依年份分類/202302/臺灣高等法院民事/TPHV,107,建上,38,20230221,1.json","","","","","","","","missing_claimed_or_allowed_penalty","0","0","0","0","0","0","0","0","0","0","0","1","1","1","1","1","0","36","12","546","2","6","4","0","1","1"
"needs_manual_review","42","TPDV,110,建,16,20230214,1","2023","臺灣臺北地方法院民事","給付工程款等","建","16","20230214","02_輸入資料/法律課程資料庫-20260707T080337Z-3-001/法律課程資料庫/依年份分類/202302/臺灣臺北地方法院民事/TPDV,110,建,16,20230214,1.json","","","","","","","","missing_claimed_or_allowed_penalty","0","0","0","0","0","0","0","0","0","0","0","1","1","1","0","1","1","36","12","317","2","5","1","0","1","1"
"needs_manual_review","43","TPDV,107,建,250,20230331,1","2023","臺灣臺北地方法院民事","給付工程款","建","250","20230331","02_輸入資料/法律課程資料庫-20260707T080337Z-3-001/法律課程資料庫/依年份分類/202303/臺灣臺北地方法院民事/TPDV,107,建,250,20230331,1.json","","","","","","","","missing_claimed_or_allowed_penalty","0","0","0","0","0","0","0","0","0","0","0","1","1","1","0","1","0","32","12","398","2","4","2","0","1","0"
"needs_manual_review","44","TPHV,111,建上,4,20230412,2","2023","臺灣高等法院民事","給付工程款","建上","4","20230412","02_輸入資料/法律課程資料庫-20260707T080337Z-3-001/法律課程資料庫/依年份分類/202304/臺灣高等法院民事/TPHV,111,建上,4,20230412,2.json","","","","","","","","missing_claimed_or_allowed_penalty","0","0","0","0","0","0","0","0","0","0","0","1","1","1","1","1","0","28","12","576","2","5","4","0","1","1"
"needs_manual_review","45","TNHV,111,上更一,30,20230509,1","2023","臺灣高等法院臺南分院民事","履行契約","上更一","30","20230509","02_輸入資料/法律課程資料庫-20260707T080337Z-3-001/法律課程資料庫/依年份分類/202305/臺灣高等法院臺南分院民事/TNHV,111,上更一,30,20230509,1.json","","","","","","","","missing_claimed_or_allowed_penalty","0","0","0","0","0","0","0","0","0","0","0","1","1","1","1","1","0","11","12","349","1","5","3","1","1","1"
"needs_manual_review","46","TPDV,107,建,232,20230630,6","2023","臺灣臺北地方法院民事","給付工程款","建","232","20230630","02_輸入資料/法律課程資料庫-20260707T080337Z-3-001/法律課程資料庫/依年份分類/202306/臺灣臺北地方法院民事/TPDV,107,建,232,20230630,6.json","","","","","","","","missing_claimed_or_allowed_penalty","0","0","0","0","0","0","0","0","0","0","0","1","1","1","1","1","1","36","12","499","2","4","4","1","1","1"
"needs_manual_review","47","TPDV,110,重訴,616,20230609,2","2023","臺灣臺北地方法院民事","履行契約","重訴","616","20230609","02_輸入資料/法律課程資料庫-20260707T080337Z-3-001/法律課程資料庫/依年份分類/202306/臺灣臺北地方法院民事/TPDV,110,重訴,616,20230609,2.json","","","","","","","","missing_claimed_or_allowed_penalty","0","0","0","0","0","0","0","0","0","0","0","1","0","0","1","1","1","19","12","374","2","2","4","1","1","1"
"needs_manual_review","48","KMDV,110,重訴,16,20230606,1","2023","福建金門地方法院民事","履行契約","重訴","16","20230606","02_輸入資料/法律課程資料庫-20260707T080337Z-3-001/法律課程資料庫/依年份分類/202306/福建金門地方法院民事/KMDV,110,重訴,16,20230606,1.json","","","","","","","","missing_claimed_or_allowed_penalty","0","0","0","0","0","0","0","0","0","0","0","1","1","1","1","1","1","29","12","314","2","4","4","0","1","1"
"needs_manual_review","49","HLHV,111,建上更二,3,20230616,1","2023","臺灣高等法院花蓮分院民事","給付工程款等","建上更二","3","20230616","02_輸入資料/法律課程資料庫-20260707T080337Z-3-001/法律課程資料庫/依年份分類/202306/臺灣高等法院花蓮分院民事/HLHV,111,建上更二,3,20230616,1.json","","","","","","","","missing_claimed_or_allowed_penalty","0","0","0","0","0","0","0","0","0","0","0","1","1","1","1","1","0","20","12","285","2","5","4","1","0","1"
"needs_manual_review","50","PCDV,110,建,49,20230630,2","2023","臺灣新北地方法院民事","給付工程款","建","49","20230630","02_輸入資料/法律課程資料庫-20260707T080337Z-3-001/法律課程資料庫/依年份分類/202306/臺灣新北地方法院民事/PCDV,110,建,49,20230630,2.json","","","","","","","","missing_claimed_or_allowed_penalty","0","0","0","0","0","0","0","0","0","0","0","0","1","1","1","1","0","33","12","284","2","4","2","0","1","1"
"needs_manual_review","51","TCHV,106,建上,51,20230614,1","2023","臺灣高等法院臺中分院民事","給付工程款","建上","51","20230614","02_輸入資料/法律課程資料庫-20260707T080337Z-3-001/法律課程資料庫/依年份分類/202306/臺灣高等法院臺中分院民事/TCHV,106,建上,51,20230614,1.json","","","","","","","","missing_claimed_or_allowed_penalty","0","0","0","0","0","0","0","0","0","0","0","1","1","1","0","1","0","28","12","271","2","5","4","1","1","1"
"needs_manual_review","52","KSDV,110,建,48,20230620,1","2023","臺灣高雄地方法院民事","給付工程款等","建","48","20230620","02_輸入資料/法律課程資料庫-20260707T080337Z-3-001/法律課程資料庫/依年份分類/202306/臺灣高雄地方法院民事/KSDV,110,建,48,20230620,1.json","","","","","","","","missing_claimed_or_allowed_penalty","0","0","0","0","0","0","0","0","0","0","0","1","1","1","1","1","1","25","12","252","2","5","4","0","1","1"
"needs_manual_review","53","TCHV,112,重上更三,10,20230728,1","2023","臺灣高等法院臺中分院民事","履行契約","重上更三","10","20230728","02_輸入資料/法律課程資料庫-20260707T080337Z-3-001/法律課程資料庫/依年份分類/202307/臺灣高等法院臺中分院民事/TCHV,112,重上更三,10,20230728,1.json","","","","","","","","missing_claimed_or_allowed_penalty","0","0","0","0","0","0","0","0","0","0","0","0","1","0","1","1","0","13","0","300","2","2","4","1","1","1"
"needs_manual_review","54","KSHV,109,建上,10,20230823,1","2023","臺灣高等法院高雄分院民事","給付工程款","建上","10","20230823","02_輸入資料/法律課程資料庫-20260707T080337Z-3-001/法律課程資料庫/依年份分類/202308/臺灣高等法院高雄分院民事/KSHV,109,建上,10,20230823,1.json","","","","","","","","missing_claimed_or_allowed_penalty","0","0","0","0","0","0","0","0","0","0","0","1","1","1","0","1","1","36","12","314","2","5","1","0","1","0"
"needs_manual_review","55","KSDV,110,建,49,20230823,1","2023","臺灣高雄地方法院民事","返還逾期違約金等","建","49","20230823","02_輸入資料/法律課程資料庫-20260707T080337Z-3-001/法律課程資料庫/依年份分類/202308/臺灣高雄地方法院民事/KSDV,110,建,49,20230823,1.json","","","","","","","","missing_claimed_or_allowed_penalty","0","0","0","0","0","0","0","0","0","0","0","1","1","1","0","1","0","34","12","296","2","4","1","0","0","1"
"needs_manual_review","56","TCDV,108,建,142,20230815,1","2023","臺灣臺中地方法院民事","變更設計展延工期管理費及損害賠償等","建","142","20230815","02_輸入資料/法律課程資料庫-20260707T080337Z-3-001/法律課程資料庫/依年份分類/202308/臺灣臺中地方法院民事/TCDV,108,建,142,20230815,1.json","","","","","","","","missing_claimed_or_allowed_penalty","0","0","0","0","0","0","0","0","0","0","0","1","1","1","0","1","0","33","12","285","2","4","4","1","1","0"
"needs_manual_review","57","CYDV,107,建,13,20230921,2","2023","臺灣嘉義地方法院民事","給付工程款","建","13","20230921","02_輸入資料/法律課程資料庫-20260707T080337Z-3-001/法律課程資料庫/依年份分類/202309/臺灣嘉義地方法院民事/CYDV,107,建,13,20230921,2.json","","","","","","","","missing_claimed_or_allowed_penalty","0","0","0","0","0","0","0","0","0","0","0","1","1","1","0","1","1","20","12","570","2","5","3","1","1","0"
"needs_manual_review","58","TPHV,109,建上,7,20230913,2","2023","臺灣高等法院民事","給付工程款等","建上","7","20230913","02_輸入資料/法律課程資料庫-20260707T080337Z-3-001/法律課程資料庫/依年份分類/202309/臺灣高等法院民事/TPHV,109,建上,7,20230913,2.json","","","","","","","","missing_claimed_or_allowed_penalty","0","0","0","0","0","0","0","0","0","0","0","1","1","1","1","1","1","29","12","345","2","4","4","1","1","1"
"needs_manual_review","59","TCDV,110,建,69,20230905,1","2023","臺灣臺中地方法院民事","給付違約金等","建","69","20230905","02_輸入資料/法律課程資料庫-20260707T080337Z-3-001/法律課程資料庫/依年份分類/202309/臺灣臺中地方法院民事/TCDV,110,建,69,20230905,1.json","","","","","","","","missing_claimed_or_allowed_penalty","0","0","0","0","0","0","0","0","0","0","0","1","1","1","1","1","1","17","11","262","2","5","4","1","1","1"
"needs_manual_review","60","TPDV,105,建,330,20231027,2","2023","臺灣臺北地方法院民事","損害賠償等","建","330","20231027","02_輸入資料/法律課程資料庫-20260707T080337Z-3-001/法律課程資料庫/依年份分類/202310/臺灣臺北地方法院民事/TPDV,105,建,330,20231027,2.json","","","","","","","","missing_claimed_or_allowed_penalty","0","0","0","0","0","0","0","0","0","0","0","1","1","1","1","1","0","36","12","424","2","5","4","1","1","1"
"needs_manual_review","61","TPDV,111,建,72,20231130,1","2023","臺灣臺北地方法院民事","給付工程款","建","72","20231130","02_輸入資料/法律課程資料庫-20260707T080337Z-3-001/法律課程資料庫/依年份分類/202311/臺灣臺北地方法院民事/TPDV,111,建,72,20231130,1.json","","","","","","","","missing_claimed_or_allowed_penalty","0","0","0","0","0","0","0","0","0","0","0","1","1","1","1","1","1","33","12","467","2","4","4","1","1","1"
"needs_manual_review","62","KMDV,110,建,4,20231110,1","2023","福建金門地方法院民事","給付工程款","建","4","20231110","02_輸入資料/法律課程資料庫-20260707T080337Z-3-001/法律課程資料庫/依年份分類/202311/福建金門地方法院民事/KMDV,110,建,4,20231110,1.json","","","","","","","","missing_claimed_or_allowed_penalty","0","0","0","0","0","0","0","0","0","0","0","1","1","1","1","1","1","36","12","236","2","5","4","1","1","1"
"needs_manual_review","63","KSDV,106,建,34,20231226,2","2023","臺灣高雄地方法院民事","給付逾期違約金","建","34","20231226","02_輸入資料/法律課程資料庫-20260707T080337Z-3-001/法律課程資料庫/依年份分類/202312/臺灣高雄地方法院民事/KSDV,106,建,34,20231226,2.json","","","","","","","","missing_claimed_or_allowed_penalty","0","0","0","0","0","0","0","0","0","0","0","1","1","1","1","1","1","27","12","950","2","5","4","0","1","0"
"needs_manual_review","64","TCDV,110,建,142,20231222,1","2023","臺灣臺中地方法院民事","給付工程款","建","142","20231222","02_輸入資料/法律課程資料庫-20260707T080337Z-3-001/法律課程資料庫/依年份分類/202312/臺灣臺中地方法院民事/TCDV,110,建,142,20231222,1.json","","","","","","","","missing_claimed_or_allowed_penalty","0","0","0","0","0","0","0","0","0","0","0","1","1","1","1","1","1","33","12","375","2","4","4","1","1","1"
"needs_manual_review","65","TPHV,111,建上,33,20231212,1","2023","臺灣高等法院民事","給付工程款","建上","33","20231212","02_輸入資料/法律課程資料庫-20260707T080337Z-3-001/法律課程資料庫/依年份分類/202312/臺灣高等法院民事/TPHV,111,建上,33,20231212,1.json","","","","","","","","missing_claimed_or_allowed_penalty","0","0","0","0","0","0","0","0","0","0","0","1","1","1","1","1","0","26","12","350","2","5","4","1","1","1"
"needs_manual_review","66","TCDV,111,建,15,20231226,1","2023","臺灣臺中地方法院民事","給付工程款","建","15","20231226","02_輸入資料/法律課程資料庫-20260707T080337Z-3-001/法律課程資料庫/依年份分類/202312/臺灣臺中地方法院民事/TCDV,111,建,15,20231226,1.json","","","","","","","","missing_claimed_or_allowed_penalty","0","0","0","0","0","0","0","0","0","0","0","0","1","0","1","1","0","36","12","259","2","3","4","1","0","1"
"needs_manual_review","67","TCDV,112,建,3,20240219,2","2024","臺灣臺中地方法院民事","給付工程款","建","3","20240219","02_輸入資料/法律課程資料庫-20260707T080337Z-3-001/法律課程資料庫/依年份分類/202402/臺灣臺中地方法院民事/TCDV,112,建,3,20240219,2.json","","","","","","","","missing_claimed_or_allowed_penalty","0","0","0","0","0","0","0","0","0","0","0","1","1","0","1","1","1","36","12","269","2","4","4","0","1","1"
"needs_manual_review","68","TNHV,111,重上,118,20240424,1","2024","臺灣高等法院臺南分院民事","債務不履行等","重上","118","20240424","02_輸入資料/法律課程資料庫-20260707T080337Z-3-001/法律課程資料庫/依年份分類/202404/臺灣高等法院臺南分院民事/TNHV,111,重上,118,20240424,1.json","","","","","","","","missing_claimed_or_allowed_penalty","0","0","0","0","0","0","0","0","0","0","0","1","1","1","1","1","1","24","12","326","1","5","4","1","1","0"
"needs_manual_review","69","TPHV,111,建上,61,20240416,1","2024","臺灣高等法院民事","給付工程款等","建上","61","20240416","02_輸入資料/法律課程資料庫-20260707T080337Z-3-001/法律課程資料庫/依年份分類/202404/臺灣高等法院民事/TPHV,111,建上,61,20240416,1.json","","","","","","","","missing_claimed_or_allowed_penalty","0","0","0","0","0","0","0","0","0","0","0","1","1","1","0","1","1","25","12","270","2","5","1","0","0","1"
"needs_manual_review","70","TCDV,112,重訴,315,20240415,1","2024","臺灣臺中地方法院民事","履行契約等","重訴","315","20240415","02_輸入資料/法律課程資料庫-20260707T080337Z-3-001/法律課程資料庫/依年份分類/202404/臺灣臺中地方法院民事/TCDV,112,重訴,315,20240415,1.json","","","","","","","","missing_claimed_or_allowed_penalty","0","0","0","0","0","0","0","0","0","0","0","0","0","0","1","1","0","24","3","219","1","2","4","0","0","1"
"needs_manual_review","71","TCDV,112,建,61,20240531,1","2024","臺灣臺中地方法院民事","給付工程款等","建","61","20240531","02_輸入資料/法律課程資料庫-20260707T080337Z-3-001/法律課程資料庫/依年份分類/202405/臺灣臺中地方法院民事/TCDV,112,建,61,20240531,1.json","","","","","","","","missing_claimed_or_allowed_penalty","0","0","0","0","0","0","0","0","0","0","0","1","1","1","1","1","1","36","12","269","2","5","4","1","1","1"
"needs_manual_review","72","PCDV,109,建,4,20240524,1","2024","臺灣新北地方法院民事","給付工程款","建","4","20240524","02_輸入資料/法律課程資料庫-20260707T080337Z-3-001/法律課程資料庫/依年份分類/202405/臺灣新北地方法院民事/PCDV,109,建,4,20240524,1.json","","","","","","","","missing_claimed_or_allowed_penalty","0","0","0","0","0","0","0","0","0","0","0","1","1","1","1","1","0","29","12","238","2","5","2","0","1","0"
"needs_manual_review","73","CYDV,111,建,2,20240607,3","2024","臺灣嘉義地方法院民事","給付工程違約金","建","2","20240607","02_輸入資料/法律課程資料庫-20260707T080337Z-3-001/法律課程資料庫/依年份分類/202406/臺灣嘉義地方法院民事/CYDV,111,建,2,20240607,3.json","","","","","","","","missing_claimed_or_allowed_penalty","0","0","0","0","0","0","0","0","0","0","0","1","1","0","1","1","0","23","12","434","2","4","4","1","1","1"
"needs_manual_review","74","SLDV,112,建,32,20240626,1","2024","臺灣士林地方法院民事","返還不當得利等","建","32","20240626","02_輸入資料/法律課程資料庫-20260707T080337Z-3-001/法律課程資料庫/依年份分類/202406/臺灣士林地方法院民事/SLDV,112,建,32,20240626,1.json","","","","","","","","missing_claimed_or_allowed_penalty","0","0","0","0","0","0","0","0","0","0","0","1","1","1","1","1","0","21","12","343","2","5","4","1","1","1"
"needs_manual_review","75","ILDV,112,建,5,20240605,1","2024","臺灣宜蘭地方法院民事","返還違約金","建","5","20240605","02_輸入資料/法律課程資料庫-20260707T080337Z-3-001/法律課程資料庫/依年份分類/202406/臺灣宜蘭地方法院民事/ILDV,112,建,5,20240605,1.json","","","","","","","","missing_claimed_or_allowed_penalty","0","0","0","0","0","0","0","0","0","0","0","0","1","1","1","1","0","26","12","261","2","4","4","0","1","1"
"needs_manual_review","76","TCDV,109,建,56,20240607,1","2024","臺灣臺中地方法院民事","給付工程款等","建","56","20240607","02_輸入資料/法律課程資料庫-20260707T080337Z-3-001/法律課程資料庫/依年份分類/202406/臺灣臺中地方法院民事/TCDV,109,建,56,20240607,1.json","","","","","","","","missing_claimed_or_allowed_penalty","0","0","0","0","0","0","0","0","0","0","0","1","1","1","0","1","0","30","12","261","2","5","1","0","0","1"
"needs_manual_review","77","TNHV,111,建上更一,2,20240731,2","2024","臺灣高等法院臺南分院民事","給付工程款","建上更一","2","20240731","02_輸入資料/法律課程資料庫-20260707T080337Z-3-001/法律課程資料庫/依年份分類/202407/臺灣高等法院臺南分院民事/TNHV,111,建上更一,2,20240731,2.json","","","","","","","","missing_claimed_or_allowed_penalty","0","0","0","0","0","0","0","0","0","0","0","0","0","1","1","1","0","29","12","237","2","5","4","1","1","0"
"needs_manual_review","78","TPHV,110,重上更一,166,20240730,1","2024","臺灣高等法院民事","給付工程款","重上更一","166","20240730","02_輸入資料/法律課程資料庫-20260707T080337Z-3-001/法律課程資料庫/依年份分類/202407/臺灣高等法院民事/TPHV,110,重上更一,166,20240730,1.json","","","","","","","","missing_claimed_or_allowed_penalty","0","0","0","0","0","0","0","0","0","0","0","0","1","0","1","1","0","36","7","221","2","3","4","0","0","1"
"needs_manual_review","79","TCHV,112,建上,55,20240918,1","2024","臺灣高等法院臺中分院民事","變更設計展延工期管理費及損害賠償等","建上","55","20240918","02_輸入資料/法律課程資料庫-20260707T080337Z-3-001/法律課程資料庫/依年份分類/202409/臺灣高等法院臺中分院民事/TCHV,112,建上,55,20240918,1.json","","","","","","","","missing_claimed_or_allowed_penalty","0","0","0","0","0","0","0","0","0","0","0","1","1","1","1","1","1","35","12","361","2","4","4","1","0","1"
"needs_manual_review","80","TPDV,112,建,171,20240913,2","2024","臺灣臺北地方法院民事","給付工程違約金","建","171","20240913","02_輸入資料/法律課程資料庫-20260707T080337Z-3-001/法律課程資料庫/依年份分類/202409/臺灣臺北地方法院民事/TPDV,112,建,171,20240913,2.json","","","","","","","","missing_claimed_or_allowed_penalty","0","0","0","0","0","0","0","0","0","0","0","1","1","1","0","1","1","32","12","309","2","4","4","0","1","1"
"needs_manual_review","81","TPDV,107,建,240,20240913,1","2024","臺灣臺北地方法院民事","給付工程款","建","240","20240913","02_輸入資料/法律課程資料庫-20260707T080337Z-3-001/法律課程資料庫/依年份分類/202409/臺灣臺北地方法院民事/TPDV,107,建,240,20240913,1.json","","","","","","","","missing_claimed_or_allowed_penalty","0","0","0","0","0","0","0","0","0","0","0","1","1","1","0","1","0","36","12","292","2","5","1","0","0","1"
"needs_manual_review","82","TPDV,112,建,47,20240906,1","2024","臺灣臺北地方法院民事","損害賠償等","建","47","20240906","02_輸入資料/法律課程資料庫-20260707T080337Z-3-001/法律課程資料庫/依年份分類/202409/臺灣臺北地方法院民事/TPDV,112,建,47,20240906,1.json","","","","","","","","missing_claimed_or_allowed_penalty","0","0","0","0","0","0","0","0","0","0","0","1","0","0","1","1","1","14","12","291","2","4","4","1","1","1"
"needs_manual_review","83","SLDV,112,建,44,20240924,1","2024","臺灣士林地方法院民事","給付工程款","建","44","20240924","02_輸入資料/法律課程資料庫-20260707T080337Z-3-001/法律課程資料庫/依年份分類/202409/臺灣士林地方法院民事/SLDV,112,建,44,20240924,1.json","","","","","","","","missing_claimed_or_allowed_penalty","0","0","0","0","0","0","0","0","0","0","0","1","1","1","1","1","0","16","12","266","2","4","3","1","1","1"
"needs_manual_review","84","TCHV,112,建上更一,36,20240925,1","2024","臺灣高等法院臺中分院民事","給付工程款","建上更一","36","20240925","02_輸入資料/法律課程資料庫-20260707T080337Z-3-001/法律課程資料庫/依年份分類/202409/臺灣高等法院臺中分院民事/TCHV,112,建上更一,36,20240925,1.json","","","","","","","","missing_claimed_or_allowed_penalty","0","0","0","0","0","0","0","0","0","0","0","1","1","1","0","1","0","35","12","218","2","3","1","0","0","1"
"needs_manual_review","85","TCDV,111,建,99,20241025,1","2024","臺灣臺中地方法院民事","給付工程款等","建","99","20241025","02_輸入資料/法律課程資料庫-20260707T080337Z-3-001/法律課程資料庫/依年份分類/202410/臺灣臺中地方法院民事/TCDV,111,建,99,20241025,1.json","","","","","","","","missing_claimed_or_allowed_penalty","0","0","0","0","0","0","0","0","0","0","0","0","1","1","1","1","0","2","12","290","2","5","3","0","1","1"
"needs_manual_review","86","CYDV,109,建,13,20241118,6","2024","臺灣嘉義地方法院民事","給付工程款","建","13","20241118","02_輸入資料/法律課程資料庫-20260707T080337Z-3-001/法律課程資料庫/依年份分類/202411/臺灣嘉義地方法院民事/CYDV,109,建,13,20241118,6.json","","","","","","","","missing_claimed_or_allowed_penalty","0","0","0","0","0","0","0","0","0","0","0","1","1","1","0","1","1","36","12","280","2","4","3","1","0","1"
"needs_manual_review","87","TCHV,111,建上,84,20241210,1","2024","臺灣高等法院臺中分院民事","損害賠償等","建上","84","20241210","02_輸入資料/法律課程資料庫-20260707T080337Z-3-001/法律課程資料庫/依年份分類/202412/臺灣高等法院臺中分院民事/TCHV,111,建上,84,20241210,1.json","","","","","","","","missing_claimed_or_allowed_penalty","0","0","0","0","0","0","0","0","0","0","0","1","1","0","1","1","1","33","11","302","2","2","4","1","1","1"
"needs_manual_review","88","SCDV,113,建,6,20241231,1","2024","臺灣新竹地方法院民事","給付工程款","建","6","20241231","02_輸入資料/法律課程資料庫-20260707T080337Z-3-001/法律課程資料庫/依年份分類/202412/臺灣新竹地方法院民事/SCDV,113,建,6,20241231,1.json","","","","","","","","missing_claimed_or_allowed_penalty","0","0","0","0","0","0","0","0","0","0","0","0","1","1","1","1","1","22","12","265","2","4","3","1","1","1"
"needs_manual_review","89","TCDV,112,建,14,20250122,1","2025","臺灣臺中地方法院民事","請求工程款","建","14","20250122","02_輸入資料/法律課程資料庫-20260707T080337Z-3-001/法律課程資料庫/依年份分類/202501/臺灣臺中地方法院民事/TCDV,112,建,14,20250122,1.json","","","","","","","","missing_claimed_or_allowed_penalty","0","0","0","0","0","0","0","0","0","0","0","1","1","1","1","1","1","36","12","507","2","4","4","0","1","0"
"needs_manual_review","90","TNHV,112,建上,25,20250213,1","2025","臺灣高等法院臺南分院民事","給付工程款","建上","25","20250213","02_輸入資料/法律課程資料庫-20260707T080337Z-3-001/法律課程資料庫/依年份分類/202502/臺灣高等法院臺南分院民事/TNHV,112,建上,25,20250213,1.json","","","","","","","","missing_claimed_or_allowed_penalty","0","0","0","0","0","0","0","0","0","0","0","1","1","1","0","1","0","21","12","368","2","5","3","1","1","0"
"needs_manual_review","91","KSHV,112,建上,5,20250226,2","2025","臺灣高等法院高雄分院民事","給付工程款","建上","5","20250226","02_輸入資料/法律課程資料庫-20260707T080337Z-3-001/法律課程資料庫/依年份分類/202502/臺灣高等法院高雄分院民事/KSHV,112,建上,5,20250226,2.json","","","","","","","","missing_claimed_or_allowed_penalty","0","0","0","0","0","0","0","0","0","0","0","1","1","1","0","1","0","33","12","347","2","4","4","1","1","1"
"needs_manual_review","92","KSDV,112,訴,602,20250227,1","2025","臺灣高雄地方法院民事","給付承攬報酬","訴","602","20250227","02_輸入資料/法律課程資料庫-20260707T080337Z-3-001/法律課程資料庫/依年份分類/202502/臺灣高雄地方法院民事/KSDV,112,訴,602,20250227,1.json","","","","","","","","missing_claimed_or_allowed_penalty","0","0","0","0","0","0","0","0","0","0","0","0","1","0","1","1","0","31","12","295","2","2","4","0","1","1"
"needs_manual_review","93","KMHV,110,重上,3,20250221,2","2025","福建高等法院金門分院民事","給付工程款","重上","3","20250221","02_輸入資料/法律課程資料庫-20260707T080337Z-3-001/法律課程資料庫/依年份分類/202502/福建高等法院金門分院民事/KMHV,110,重上,3,20250221,2.json","","","","","","","","missing_claimed_or_allowed_penalty","0","0","0","0","0","0","0","0","0","0","0","1","1","1","1","1","0","31","12","286","2","5","2","0","1","1"
"needs_manual_review","94","CYDV,110,建,34,20250317,1","2025","臺灣嘉義地方法院民事","給付工程款","建","34","20250317","02_輸入資料/法律課程資料庫-20260707T080337Z-3-001/法律課程資料庫/依年份分類/202503/臺灣嘉義地方法院民事/CYDV,110,建,34,20250317,1.json","","","","","","","","missing_claimed_or_allowed_penalty","0","0","0","0","0","0","0","0","0","0","0","1","1","1","1","1","0","36","12","334","2","5","4","1","1","1"
"needs_manual_review","95","TPHV,112,重上更一,108,20250319,1","2025","臺灣高等法院民事","給付工程款等","重上更一","108","20250319","02_輸入資料/法律課程資料庫-20260707T080337Z-3-001/法律課程資料庫/依年份分類/202503/臺灣高等法院民事/TPHV,112,重上更一,108,20250319,1.json","","","","","","","","missing_claimed_or_allowed_penalty","0","0","0","0","0","0","0","0","0","0","0","1","1","1","1","1","1","36","12","266","2","5","3","1","1","1"
"needs_manual_review","96","TPDV,112,建,114,20250430,1","2025","臺灣臺北地方法院民事","給付工程款等","建","114","20250430","02_輸入資料/法律課程資料庫-20260707T080337Z-3-001/法律課程資料庫/依年份分類/202504/臺灣臺北地方法院民事/TPDV,112,建,114,20250430,1.json","","","","","","","","missing_claimed_or_allowed_penalty","0","0","0","0","0","0","0","0","0","0","0","1","1","1","0","1","0","33","12","398","2","5","3","1","1","0"
"needs_manual_review","97","TPHV,109,建上,85,20250422,1","2025","臺灣高等法院民事","給付工程款","建上","85","20250422","02_輸入資料/法律課程資料庫-20260707T080337Z-3-001/法律課程資料庫/依年份分類/202504/臺灣高等法院民事/TPHV,109,建上,85,20250422,1.json","","","","","","","","missing_claimed_or_allowed_penalty","0","0","0","0","0","0","0","0","0","0","0","1","1","1","1","1","1","29","12","370","2","5","4","0","1","1"
"needs_manual_review","98","TPHV,107,建上,3,20250408,1","2025","臺灣高等法院民事","給付工程款等","建上","3","20250408","02_輸入資料/法律課程資料庫-20260707T080337Z-3-001/法律課程資料庫/依年份分類/202504/臺灣高等法院民事/TPHV,107,建上,3,20250408,1.json","","","","","","","","missing_claimed_or_allowed_penalty","0","0","0","0","0","0","0","0","0","0","0","1","1","1","1","1","0","36","12","306","2","5","4","0","1","1"
"needs_manual_review","99","ULDV,112,建,10,20250529,1","2025","臺灣雲林地方法院民事","給付工程款","建","10","20250529","02_輸入資料/法律課程資料庫-20260707T080337Z-3-001/法律課程資料庫/依年份分類/202505/臺灣雲林地方法院民事/ULDV,112,建,10,20250529,1.json","","","","","","","","missing_claimed_or_allowed_penalty","0","0","0","0","0","0","0","0","0","0","0","1","1","0","1","1","0","30","0","343","1","1","4","0","1","1"
"needs_manual_review","100","TNHV,113,建上,14,20250508,1","2025","臺灣高等法院臺南分院民事","給付工程款","建上","14","20250508","02_輸入資料/法律課程資料庫-20260707T080337Z-3-001/法律課程資料庫/依年份分類/202505/臺灣高等法院臺南分院民事/TNHV,113,建上,14,20250508,1.json","","","","","","","","missing_claimed_or_allowed_penalty","0","0","0","0","0","0","0","0","0","0","0","1","0","1","1","1","0","27","12","321","2","5","4","1","1","1"
"needs_manual_review","101","ULDV,113,建,3,20250620,2","2025","臺灣雲林地方法院民事","給付工程款","建","3","20250620","02_輸入資料/法律課程資料庫-20260707T080337Z-3-001/法律課程資料庫/依年份分類/202506/臺灣雲林地方法院民事/ULDV,113,建,3,20250620,2.json","","","","","","","","missing_claimed_or_allowed_penalty","0","0","0","0","0","0","0","0","0","0","0","1","1","1","1","1","0","36","12","610","2","6","4","1","1","1"
"needs_manual_review","102","CHDV,111,建,48,20250619,1","2025","臺灣彰化地方法院民事","給付工程款","建","48","20250619","02_輸入資料/法律課程資料庫-20260707T080337Z-3-001/法律課程資料庫/依年份分類/202506/臺灣彰化地方法院民事/CHDV,111,建,48,20250619,1.json","","","","","","","","missing_claimed_or_allowed_penalty","0","0","0","0","0","0","0","0","0","0","0","1","1","1","1","1","0","28","12","477","2","5","4","1","0","1"
"needs_manual_review","103","ULDV,113,建,10,20250630,1","2025","臺灣雲林地方法院民事","給付工程款","建","10","20250630","02_輸入資料/法律課程資料庫-20260707T080337Z-3-001/法律課程資料庫/依年份分類/202506/臺灣雲林地方法院民事/ULDV,113,建,10,20250630,1.json","","","","","","","","missing_claimed_or_allowed_penalty","0","0","0","0","0","0","0","0","0","0","0","1","1","1","0","1","0","33","12","308","2","4","4","1","1","1"
"needs_manual_review","104","TPHV,113,建上,46,20250610,1","2025","臺灣高等法院民事","返還違約金","建上","46","20250610","02_輸入資料/法律課程資料庫-20260707T080337Z-3-001/法律課程資料庫/依年份分類/202506/臺灣高等法院民事/TPHV,113,建上,46,20250610,1.json","","","","","","","","missing_claimed_or_allowed_penalty","0","0","0","0","0","0","0","0","0","0","0","0","1","1","1","1","0","22","12","285","2","4","4","1","1","1"
"needs_manual_review","105","PCDV,113,訴,1122,20250731,1","2025","臺灣新北地方法院民事","給付工程款","訴","1122","20250731","02_輸入資料/法律課程資料庫-20260707T080337Z-3-001/法律課程資料庫/依年份分類/202507/臺灣新北地方法院民事/PCDV,113,訴,1122,20250731,1.json","","","","","","","","missing_claimed_or_allowed_penalty","0","0","0","0","0","0","0","0","0","0","0","1","1","0","1","1","0","36","12","305","2","3","4","0","0","1"
"needs_manual_review","106","TPDV,114,建,6,20250912,1","2025","臺灣臺北地方法院民事","返還不當得利","建","6","20250912","02_輸入資料/法律課程資料庫-20260707T080337Z-3-001/法律課程資料庫/依年份分類/202509/臺灣臺北地方法院民事/TPDV,114,建,6,20250912,1.json","","","","","","","","missing_claimed_or_allowed_penalty","0","0","0","0","0","0","0","0","0","0","0","0","1","1","1","1","1","25","12","421","2","4","4","1","1","1"
"needs_manual_review","107","TCDV,110,建,45,20250912,2","2025","臺灣臺中地方法院民事","給付工程款","建","45","20250912","02_輸入資料/法律課程資料庫-20260707T080337Z-3-001/法律課程資料庫/依年份分類/202509/臺灣臺中地方法院民事/TCDV,110,建,45,20250912,2.json","","","","","","","","missing_claimed_or_allowed_penalty","0","0","0","0","0","0","0","0","0","0","0","1","1","1","1","1","0","36","12","341","2","4","2","0","1","1"
"needs_manual_review","108","TPDV,113,建,253,20251022,1","2025","臺灣臺北地方法院民事","返還不當得利","建","253","20251022","02_輸入資料/法律課程資料庫-20260707T080337Z-3-001/法律課程資料庫/依年份分類/202510/臺灣臺北地方法院民事/TPDV,113,建,253,20251022,1.json","","","","","","","","missing_claimed_or_allowed_penalty","0","0","0","0","0","0","0","0","0","0","0","0","1","1","1","1","0","28","12","509","2","5","3","1","1","1"
"needs_manual_review","109","TCDV,110,建,70,20251128,1","2025","臺灣臺中地方法院民事","給付承攬報酬等","建","70","20251128","02_輸入資料/法律課程資料庫-20260707T080337Z-3-001/法律課程資料庫/依年份分類/202511/臺灣臺中地方法院民事/TCDV,110,建,70,20251128,1.json","","","","","","","","missing_claimed_or_allowed_penalty","0","0","0","0","0","0","0","0","0","0","0","1","1","1","0","1","0","36","12","502","2","4","4","1","1","1"
"needs_manual_review","110","TNDV,113,訴,1627,20251121,1","2025","臺灣臺南地方法院民事","給付工程款","訴","1627","20251121","02_輸入資料/法律課程資料庫-20260707T080337Z-3-001/法律課程資料庫/依年份分類/202511/臺灣臺南地方法院民事/TNDV,113,訴,1627,20251121,1.json","","","","","","","","missing_claimed_or_allowed_penalty","0","0","0","0","0","0","0","0","0","0","0","0","1","1","1","1","0","30","12","341","2","5","4","1","1","1"
"needs_manual_review","111","CHDV,111,建,49,20251126,1","2025","臺灣彰化地方法院民事","給付工程款","建","49","20251126","02_輸入資料/法律課程資料庫-20260707T080337Z-3-001/法律課程資料庫/依年份分類/202511/臺灣彰化地方法院民事/CHDV,111,建,49,20251126,1.json","","","","","","","","missing_claimed_or_allowed_penalty","0","0","0","0","0","0","0","0","0","0","0","1","1","1","1","1","1","36","12","320","2","4","4","1","1","1"
"needs_manual_review","112","TNHV,110,建上,18,20251226,1","2025","臺灣高等法院臺南分院民事","給付工程款","建上","18","20251226","02_輸入資料/法律課程資料庫-20260707T080337Z-3-001/法律課程資料庫/依年份分類/202512/臺灣高等法院臺南分院民事/TNHV,110,建上,18,20251226,1.json","","","","","","","","missing_claimed_or_allowed_penalty","0","0","0","0","0","0","0","0","0","0","0","1","0","1","1","1","0","23","12","444","2","5","4","0","1","1"
"needs_manual_review","113","CYDV,114,重訴,12,20251230,1","2025","臺灣嘉義地方法院民事","返還履約保證金","重訴","12","20251230","02_輸入資料/法律課程資料庫-20260707T080337Z-3-001/法律課程資料庫/依年份分類/202512/臺灣嘉義地方法院民事/CYDV,114,重訴,12,20251230,1.json","","","","","","","","missing_claimed_or_allowed_penalty","0","0","0","0","0","0","0","0","0","0","0","1","1","1","1","1","1","31","12","417","1","4","4","0","1","1"
"needs_manual_review","114","TPDV,113,建,266,20251224,4","2025","臺灣臺北地方法院民事","返還違約金等","建","266","20251224","02_輸入資料/法律課程資料庫-20260707T080337Z-3-001/法律課程資料庫/依年份分類/202512/臺灣臺北地方法院民事/TPDV,113,建,266,20251224,4.json","","","","","","","","missing_claimed_or_allowed_penalty","0","0","0","0","0","0","0","0","0","0","0","0","0","0","1","1","0","30","1","319","2","3","4","1","1","1"
"needs_manual_review","115","KSHV,114,上,88,20251217,1","2025","臺灣高等法院高雄分院民事","給付承攬報酬","上","88","20251217","02_輸入資料/法律課程資料庫-20260707T080337Z-3-001/法律課程資料庫/依年份分類/202512/臺灣高等法院高雄分院民事/KSHV,114,上,88,20251217,1.json","","","","","","","","missing_claimed_or_allowed_penalty","0","0","0","0","0","0","0","0","0","0","0","0","0","0","1","1","0","31","9","275","2","2","4","1","1","1"
"needs_manual_review","116","KSDV,109,建,81,20260213,1","2026","臺灣高雄地方法院民事","給付工程款","建","81","20260213","02_輸入資料/法律課程資料庫-20260707T080337Z-3-001/法律課程資料庫/依年份分類/202602/臺灣高雄地方法院民事/KSDV,109,建,81,20260213,1.json","","","","","","","","missing_claimed_or_allowed_penalty","0","0","0","0","0","0","0","0","0","0","0","1","1","1","0","1","1","36","12","351","2","5","4","0","1","1"
"needs_manual_review","117","TPHV,113,重上,4,20260429,1","2026","臺灣高等法院民事","履行契約","重上","4","20260429","02_輸入資料/法律課程資料庫-20260707T080337Z-3-001/法律課程資料庫/依年份分類/202604/臺灣高等法院民事/TPHV,113,重上,4,20260429,1.json","","","","","","","","missing_claimed_or_allowed_penalty","0","0","0","0","0","0","0","0","0","0","0","1","1","1","1","1","1","25","12","517","2","3","4","0","1","1"
"needs_manual_review","118","KSHV,107,建上,26,20260415,2","2026","臺灣高等法院高雄分院民事","返還不當得利等","建上","26","20260415","02_輸入資料/法律課程資料庫-20260707T080337Z-3-001/法律課程資料庫/依年份分類/202604/臺灣高等法院高雄分院民事/KSHV,107,建上,26,20260415,2.json","","","","","","","","missing_claimed_or_allowed_penalty","0","0","0","0","0","0","0","0","0","0","0","1","1","1","1","1","1","32","12","397","2","5","4","0","1","1"
"needs_manual_review","119","TPDV,113,建,132,20260424,2","2026","臺灣臺北地方法院民事","給付承攬報酬","建","132","20260424","02_輸入資料/法律課程資料庫-20260707T080337Z-3-001/法律課程資料庫/依年份分類/202604/臺灣臺北地方法院民事/TPDV,113,建,132,20260424,2.json","","","","","","","","missing_claimed_or_allowed_penalty","0","0","0","0","0","0","0","0","0","0","0","1","1","1","0","1","0","31","12","293","2","5","3","0","1","1"
"needs_manual_review","120","TPDV,113,建,272,20260409,1","2026","臺灣臺北地方法院民事","履行契約等","建","272","20260409","02_輸入資料/法律課程資料庫-20260707T080337Z-3-001/法律課程資料庫/依年份分類/202604/臺灣臺北地方法院民事/TPDV,113,建,272,20260409,1.json","","","","","","","","missing_claimed_or_allowed_penalty","0","0","0","0","0","0","0","0","0","0","0","1","1","1","1","1","0","25","12","248","2","4","3","0","1","1"
