"annotation_status","annotation_priority","JID","month","decision_year","court","JYEAR","JCASE","JNO","JDATE","JTITLE","JFULL_len","工程次數","src_path","json_file","read_status","judgment_text_available","penalty_keyword_count","delay_keyword_count","reduction_keyword_count","strong_reduction_keyword_count","first_layer_score","second_layer_score","strong_reduction_score","relevance_score","matched_penalty_terms","matched_delay_terms","matched_reduction_terms","matched_strong_reduction_terms","matched_first_layer_terms","is_overdue_penalty_candidate","is_penalty_reduction_high_relevance","first_layer_snippet","reduction_snippet"
"needs_manual_review","1","KSDV,109,訴,1349,20210122,4","202101","2021","臺灣高雄地方法院民事","109","訴","1349","20210122","返還履約保證金等","15424","1","202101/臺灣高雄地方法院民事/KSDV,109,訴,1349,20210122,4.json","02_輸入資料/法律課程資料庫-20260707T080337Z-3-001/法律課程資料庫/依年份分類/202101/臺灣高雄地方法院民事/KSDV,109,訴,1349,20210122,4.json","ok","1","62","69","29","24","131","29","24","285","逾期違約金;違約金","展延;逾期;遲延","民法第252條;相當;酌減;第252條;過高","民法第252條;酌減;第252條;過高","展延;逾期;逾期違約金;違約金;遲延","1","1","稱系爭計畫清單）第10條第5 項規格修訂所定規格，與 被告所定「原（材）料規格」所列規格要求標準歧異，原告 於同年7 月16日函請被告釋疑並安排再驗程序，及申請展延 第2 次樣品之送驗時程，經被告同意得展延至同年月31日交 貨。原告嗣於108 年7 月31日再備具確樣及半成品材料遵期 送驗，被告卻以原告第2 次送","購受有 損害，且吸震墊要求對於攜行袋功能並無影響，被告卻小題 大作主張解約、沒收全額履約保證金並另索討高額違約金， 已違民法第148 條誠信原則，爰依民法第252 條規定請求法 院酌減上開遲延違約金及具懲罰性違約金性質之履約保證金 。上開違約金經酌減後，被告受領履約保證金，即係無法律 上原因而受有利益，被告應依民法"
"needs_manual_review","2","MLDV,109,建,21,20210128,1","202101","2021","臺灣苗栗地方法院民事","109","建","21","20210128","給付監造服務費用等","23793","131","202101/臺灣苗栗地方法院民事/MLDV,109,建,21,20210128,1.json","02_輸入資料/法律課程資料庫-20260707T080337Z-3-001/法律課程資料庫/依年份分類/202101/臺灣苗栗地方法院民事/MLDV,109,建,21,20210128,1.json","ok","1","59","66","25","22","125","25","22","263","逾期違約金;違約金","工期;逾期;遲延","民法第252條;相當;酌減;第252條;過高","民法第252條;酌減;第252條;過高","工期;逾期;逾期違約金;違約金;遲延","1","1","程因安裝清冊資料與現地不符等原因而有需釐清之必 要，承包商於申請停工並經被告同意，乃均自105 年8 月1 日停工，嗣第一區工程於105 年11月7 日復工，停工期間共 計98天，第二區工程則於106 年2 月6 日復工，停工期間共 計189 天；另第一區工程自105 年11月17日竣工至106 年11 月27日","約第2 條第3 項第5 款第4 目 約定，應依第18條第5 項約定，每處計罰5,000 元，扣罰懲 罰性違約金397 萬元。 ②如有前開違約金扣罰，原告依民法第252 條約定請求違約金 酌減，有無理由？酌減之範圍？ ⒉原告請求系爭服務案追加之監造服務費用11,780,184元（包 含系爭工程停工至復工間服務費用3,420,"
"needs_manual_review","3","TPHV,108,建上,20,20210331,1","202103","2021","臺灣高等法院民事","108","建上","20","20210331","給付工程款","45707","127","202103/臺灣高等法院民事/TPHV,108,建上,20,20210331,1.json","02_輸入資料/法律課程資料庫-20260707T080337Z-3-001/法律課程資料庫/依年份分類/202103/臺灣高等法院民事/TPHV,108,建上,20,20210331,1.json","ok","1","72","173","17","16","245","17","16","343","逾期違約金;違約金","工期;展延;逾期;遲延","相當;酌減;過高","酌減;過高","工期;展延;逾期;逾期違約金;違約金;遲延","1","1","○街0段00 號附近之「○○社區中心出租國宅（下稱○○國宅）公共空間整 體改善工程」（下稱系爭工程），契約總價為新臺幣（下同 ）3692萬8000元，工期175日曆天。系爭工程歷經3次變更設 計、2次契約變更，總價變更為4070萬3元，嗣於 103年1月 29日竣工，並於103年7月3日起辦理初驗，惟因兩造於1","算，至多僅得扣罰34萬1000 元，關於初驗逾期罰款部分，不得計入逾期期間共23日，應 予扣除。再退步言之，縱認被上訴人各項扣罰之數額為有理 由，亦屬過高，爰請求酌減違約金。又系爭工程預定開工日 期為102年4月18日，系爭契約並未約定開工前須先提交整體 施工計畫書、品質計畫書及勞工安全衛生管理計畫書(下合"
"needs_manual_review","4","TCHV,108,建上,22,20210421,1","202104","2021","臺灣高等法院臺中分院民事","108","建上","22","20210421","給付工程款等","37850","149","202104/臺灣高等法院臺中分院民事/TCHV,108,建上,22,20210421,1.json","02_輸入資料/法律課程資料庫-20260707T080337Z-3-001/法律課程資料庫/依年份分類/202104/臺灣高等法院臺中分院民事/TCHV,108,建上,22,20210421,1.json","ok","1","87","263","64","55","350","64","55","698","逾期違約金;違約金","工期;完工期限;展延;展期;逾期;遲延","民法第252條;相當;酌減;第252條;過高","民法第252條;酌減;第252條;過高","工期;完工期限;展延;展期;逾期;逾期違約金;違約金;遲延","1","1","號：THB-00000-00 0，下稱系爭契約），由協信公司承攬系爭工程，契約總價 新臺幣（下同）7億9680萬元。系爭工程於同年月6日開工， 原預定工期為750日（日曆天），履約期間曾經臺中港務公 司核准同意展延工期57日，故展延57日後之預定完工日期為 104年9月20日。嗣系爭工程之實際竣工日期為105年4","屬無據，應予返還。縱令協信公司 有逾期，因系爭契約第16條逾期違約金性質，屬損害賠償預 定性違約金，然臺中港務公司實際上並未因此受有任何損害 ，應予以酌減違約金至零，或以鑑定機關台灣省土木技師公 會（下稱土木技師公會）之鑑定報告認定僅逾期25日，參酌 000號碼頭原本之規劃係於105年間使用，該逾期對於臺中港"
"needs_manual_review","5","TCDV,109,建,95,20210415,1","202104","2021","臺灣臺中地方法院民事","109","建","95","20210415","給付工程款","26239","198","202104/臺灣臺中地方法院民事/TCDV,109,建,95,20210415,1.json","02_輸入資料/法律課程資料庫-20260707T080337Z-3-001/法律課程資料庫/依年份分類/202104/臺灣臺中地方法院民事/TCDV,109,建,95,20210415,1.json","ok","1","89","174","29","21","263","29","21","405","逾期違約金;違約金","工期;完工期限;展延;逾期;遲延","民法第252條;相當;酌減;第252條;過高","民法第252條;酌減;第252條;過高","工期;完工期限;展延;逾期;逾期違約金;違約金;遲延","1","1","區（即優先施作區以 外之全部）自開工日起690日曆天內完成。各分項工程如 未於期限內完成，依系爭契約特訂條款第6.1條第1項規定 ，原告每逾期1日應繳「損害賠償額預定性逾期違約金」 60萬元。 （二）嗣因台中港務分公司要求系爭工程於106年4月30日竣工， 於106年6月底前還地，兩造曾於1","煤灰40,340㎥，運至4-2區南側堆置後進行深層壓實，被 告並因此同意展延工期95日曆天，為兩造所不爭執；40, 340㎥煤灰混砂之量體相當鉅大，若將之平均攤於4-2區南 （面積4公頃），整片4-2區南側地表將增高逾1米，考量 運送堆置時間，依系爭契約第13條第1項第4款約定應再展"
"needs_manual_review","6","TNHV,109,建上更一,3,20210420,1","202104","2021","臺灣高等法院臺南分院民事","109","建上更一","3","20210420","給付工程款","30469","146","202104/臺灣高等法院臺南分院民事/TNHV,109,建上更一,3,20210420,1.json","02_輸入資料/法律課程資料庫-20260707T080337Z-3-001/法律課程資料庫/依年份分類/202104/臺灣高等法院臺南分院民事/TNHV,109,建上更一,3,20210420,1.json","ok","1","61","165","33","26","226","33","26","396","逾期違約金;違約金","工期;完工期限;展延;逾期;遲延","民法第252條;相當;酌減;第252條;過高","民法第252條;酌減;第252條;過高","工期;完工期限;展延;逾期;逾期違約金;違約金;遲延","1","1","，已於同年7月20日全部完工，且經被上訴人於101年10 月19日驗收合格並使用中，惟被上訴人卻片面認定伊有「自 101年1月7日至同年7月20日申報復竣工止，逾期天數66日、 初驗缺失改善逾期17日及正式驗收缺失改善逾期5日，共計 逾期88日」等事由而於應給付伊之承攬報酬中扣除逾期違約 金2,468,488元。","日，致錯誤多計算 4天逾期工期。再被上訴人驗收期程亦不合理，致多認定逾 期22天。而伊未完成履約部分並不影響其他未完成部分之使 用，且約定之違約金亦屬過高，應予酌減。又系爭工程因停 工131日，伊因此增加必要費用2,952,474元（勞工安全衛生 管理費2,027,400元、環境保護費392,064元、品質管理費"
"needs_manual_review","7","CHDV,110,建,4,20210430,1","202104","2021","臺灣彰化地方法院民事","110","建","4","20210430","給付工程款等","11393","104","202104/臺灣彰化地方法院民事/CHDV,110,建,4,20210430,1.json","02_輸入資料/法律課程資料庫-20260707T080337Z-3-001/法律課程資料庫/依年份分類/202104/臺灣彰化地方法院民事/CHDV,110,建,4,20210430,1.json","ok","1","70","105","16","13","175","16","13","259","逾期違約金;違約金","工期;展延;逾期;遲延","民法第252條;相當;酌減;第252條;過高","民法第252條;酌減;第252條;過高","工期;展延;逾期;逾期違約金;違約金;遲延","1","1","183,741,768元得標，實際結算金額為183,748 ,572元。系爭工程自108年1月7日開工，預定完工日期為108 年12月2日，期間原告萬科公司申請展延工期三次，分別延 展工期至109年3月13日、109年4月16日、109年5月19日，系 爭工程於109年8月13日完工，並於109年10月29日驗收合格","據。 縱認系爭土石標作業遲延係可歸責於原告隆和春公司，然本 件土石標逾期部分若依系爭土石標售契約書第三條第三款計 算逾期違約金為15,802,377元仍屬過高，蓋系爭工程於預定 完工日即109年5月19日時已完成之載運作業進度累計為91% ，原告隆和春公司就系爭土石標部分實已為部分履行，且履 行部分已能發揮"
"needs_manual_review","8","TNHV,106,建上,8,20210408,1","202104","2021","臺灣高等法院臺南分院民事","106","建上","8","20210408","給付工程款","26820","174","202104/臺灣高等法院臺南分院民事/TNHV,106,建上,8,20210408,1.json","02_輸入資料/法律課程資料庫-20260707T080337Z-3-001/法律課程資料庫/依年份分類/202104/臺灣高等法院臺南分院民事/TNHV,106,建上,8,20210408,1.json","ok","1","45","126","18","13","171","18","13","259","逾期違約金;違約金","工期;完工期限;展延;逾期;遲延","民法第252條;相當;酌減;第252條;過高","民法第252條;酌減;第252條;過高","工期;完工期限;展延;逾期;逾期違約金;違約金;遲延","1","1","（下稱仲裁協會）請求仲裁，經於104年1月30日作成102仲聲 義字第093號仲裁判斷（下稱前揭仲裁判斷），就101年間坍滑 部分命被上訴人賠付部分修繕費用，及准為展延工期至100年1 2月10日。 ㈡系爭工程嗣後又於102年5月至8、9月間止，因豪大雨、連續陣 雨及颱風產生而發生坍滑（下合稱102年間坍滑），雙方即於1 02","，故實際上上訴人驗收逾期應自同年7 月18日至9月10日，合計54日而已(上訴人否認)。爰依民法第1 79條規定，請求被上訴人返還此部分金額；如非有理由，其另 依民法第252條規定，請求酌減違約金。 ⒊被上訴人應給付上訴人法定遲延利息110,834元部分： 兩造合意終止系爭契約後，被上訴人即應依約給付餘款並退還 其履約保證金，然被上訴人卻扣留"
"needs_manual_review","9","TPHV,108,建上,80,20210519,3","202105","2021","臺灣高等法院民事","108","建上","80","20210519","給付工程款","31202","153","202105/臺灣高等法院民事/TPHV,108,建上,80,20210519,3.json","02_輸入資料/法律課程資料庫-20260707T080337Z-3-001/法律課程資料庫/依年份分類/202105/臺灣高等法院民事/TPHV,108,建上,80,20210519,3.json","ok","1","28","354","20","14","382","20","14","478","逾期違約金;違約金","工期;完工期限;展延;展期;逾期;遲延","民法第252條;相當;酌減;第252條;過高","民法第252條;酌減;第252條;過高","工期;完工期限;展延;展期;逾期;逾期違約金;違約金;遲延","1","1","為 新臺幣（下同）10億0,800 萬元（含稅）。嗣上訴人國防部 政治作戰局同意，將系爭工程之電梯廠商立穩公司更換為奧 的斯公司。系爭契約第8 條約定工期為開工次日起950 日曆 天完工，該工程於99年4 月16日開工，預定完工日為101 年 11月30日，然被上訴人實際完工日為102 年4 月30日。履約","付該數額工程款。 又縱認被上訴人逾期完工，惟於102年1 月11日已完成至少9 8.47 ％，上訴人國防部政治作戰局仍依契約總價計罰逾期違 約金，顯然過高，應依民法第252 條規定酌減違約金。另就 展延工期151 天，依同法第491 條、第227 條之2 情事變更 原則，請求上訴人國防部政治作戰局給付展延工期期間"
"needs_manual_review","10","TPDV,109,建,376,20210528,1","202105","2021","臺灣臺北地方法院民事","109","建","376","20210528","給付工程款","9887","130","202105/臺灣臺北地方法院民事/TPDV,109,建,376,20210528,1.json","02_輸入資料/法律課程資料庫-20260707T080337Z-3-001/法律課程資料庫/依年份分類/202105/臺灣臺北地方法院民事/TPDV,109,建,376,20210528,1.json","ok","1","91","120","26","23","211","26","23","355","逾期違約金;違約金","工期;完工期限;展延;逾期;遲延","民法第252條;相當;酌減;第252條;過高","民法第252條;酌減;第252條;過高","工期;完工期限;展延;逾期;逾期違約金;違約金;遲延","1","1",",925元，原告既已完成交付前述工程，自得 依民法第490條、第505條規定請求被告給付未付之工程款10 ,066,925元。被告雖主張以附表「被告抗辯」欄所示逾期違 約金抵銷，然附表項次1「使照隔間與他項工程（西北棟） 」部分，逾期違約金為878,746元，原告不爭執；附表項次2 「西棟電影院及挑空區室內裝修工","違約金。況縱認原 告得扣罰逾期違約金，被告扣罰逾期違約金之比例為百分之 1、千分之3、千分之5不等，均較政府採購契約範本所定扣 罰比例千分之1為高，依民法第252條規定亦應予以酌減，故 被告至多僅得扣罰逾期違約金2,071,571元，原告至少仍得 請求被告給付7,995,354元，為此，爰依民法第490條、第50"
"needs_manual_review","11","CHDV,108,建,3,20210621,1","202106","2021","臺灣彰化地方法院民事","108","建","3","20210621","給付工程款等","34075","469","202106/臺灣彰化地方法院民事/CHDV,108,建,3,20210621,1.json","02_輸入資料/法律課程資料庫-20260707T080337Z-3-001/法律課程資料庫/依年份分類/202106/臺灣彰化地方法院民事/CHDV,108,建,3,20210621,1.json","ok","1","56","164","24","20","220","24","20","348","逾期違約金;違約金","工期;逾期;遲延","相當;酌減;第252條;過高","酌減;第252條;過高","工期;逾期;逾期違約金;違約金;遲延","1","1","約，106 年10月20日簽訂系爭豐原工程承攬契約。惟原告於施作上開 3項工程時，屢屢發生施工進度緩慢、出工人數不足之違約 情事，導致整體營建工程因而遲延；且板模品質有嚴重瑕疵 ，導致灌漿後混凝土完成面歪斜、不平整，嗣後必須額外支 出修補或增厚之泥作工作費用；以及經常未確實拆模，或拆 模後之板模料件遲未","前後切割 尺寸發生差異，被告委請矽利康為地磚與牆歪斜面做填補收 尾，支出31,859元。又原告所施作室內地坪模板之高度發生 錯誤，造成混凝土澆置後地面過高無法進行門框安裝，被告 以地坪打石、修改提高門框腳鍊之方式修復，支出4,725元 。再原告施作A、B、C區之模板工程尺寸不正確，被告雇用 打石工，支出"
"needs_manual_review","12","TPDV,107,建,379,20211125,1","202111","2021","臺灣臺北地方法院民事","107","建","379","20211125","給付工程款","17952","78","202111/臺灣臺北地方法院民事/TPDV,107,建,379,20211125,1.json","02_輸入資料/法律課程資料庫-20260707T080337Z-3-001/法律課程資料庫/依年份分類/202111/臺灣臺北地方法院民事/TPDV,107,建,379,20211125,1.json","ok","1","53","271","32","29","324","32","29","504","逾期違約金;違約金","工期;完工期限;展延;逾期;遲延","民法第252條;相當;酌減;第252條;過高","民法第252條;酌減;第252條;過高","工期;完工期限;展延;逾期;逾期違約金;違約金;遲延","1","1","約第7條第1項約定，系爭工程履約期限分為二階段，第一階 段為本案廁所應於105年5月30日前完工、各層走廊應於105 年5月30日前開放使用，第二階段（即總工期）則為開工日 起150日曆天內完工，系爭工程係於105年2月16日開工，伊 實際雖係於105年10月6日始完成第一階段之工作，105年11 月10日方","被告諸多繁多變更設計、要求配合展覽等情形下，仍積極配 合調動人員、調整工班、訂購材料，不惜虧損耗費巨大之金 錢及時間成本始能完成系爭工程，仍請本院依民法第252條 規定酌減違約金以維伊生存機會，酌減後差額，被告應依不 當得利規定返還伊。為此，爰依系爭契約法律關係、民法第 490條、第179條規定提起本件訴訟。並"
"needs_manual_review","13","PCDV,107,建,2,20211221,1","202112","2021","臺灣新北地方法院民事","107","建","2","20211221","給付工程款等","213488","843","202112/臺灣新北地方法院民事/PCDV,107,建,2,20211221,1.json","02_輸入資料/法律課程資料庫-20260707T080337Z-3-001/法律課程資料庫/依年份分類/202112/臺灣新北地方法院民事/PCDV,107,建,2,20211221,1.json","ok","1","176","506","6","4","682","6","4","710","逾期違約金;違約金","工期;完工期限;展延;逾期;遲延","相當;過高","過高","工期;完工期限;展延;逾期;逾期違約金;違約金;遲延","1","1","均未完成變更程序，而 係於工程結算時始同步完成變更，並以其片面變更，而未 經議價且未按實作計算數量之標準片面結算，故而衍生計 價（含量）與工期之爭議。先整理爭議梗概如下： (1)契約變更爭議（訴之聲明一），包括： ①原契約範圍內施作，但逕遭減價或嗣經被告指示廢棄拆 除部分（片面變更",")已有充分釐清說明。 (2)懸臂段支撐構造：有關被告「辯論意旨狀」第21頁「(二) 」內容以片段不完整之內容主張鑑定合理單價35,000元/m 過高不合理。第三方公正鑑定機關之鑑定報告(鑑定報告 第V～VI頁鑑定結論(八)-7及第50～52、54頁)已有充分釐清 說明。故被告「辯論意旨狀」第21頁「"
"needs_manual_review","14","CHDV,107,建,30,20211222,1","202112","2021","臺灣彰化地方法院民事","107","建","30","20211222","給付工程款","48506","414","202112/臺灣彰化地方法院民事/CHDV,107,建,30,20211222,1.json","02_輸入資料/法律課程資料庫-20260707T080337Z-3-001/法律課程資料庫/依年份分類/202112/臺灣彰化地方法院民事/CHDV,107,建,30,20211222,1.json","ok","1","156","265","11","11","421","11","11","487","逾期違約金;違約金","工期;展延;逾期;遲延","民法第252條;酌減;第252條;過高","民法第252條;酌減;第252條;過高","工期;展延;逾期;逾期違約金;違約金;遲延","1","1","告與被告曾就7項工程項目進行原 契約之變更追加，原告已依被告之指示施作，被告於事後 卻拒為給付。另因系爭工程有非可歸責於原告之事由而展 延工期，原告欲請求因此增加之廠商管理費與保險費卻仍 受被告拒絕。而原告曾於103年11月20日申報竣工，卻未 獲被告接受，遲至104年2月16日被告始接受申報","總額。被告忽略系爭工程早已於104年12月1日開放，幾乎 全區使用之事實，逕以系爭契約價金之總額計罰逾期違約 金之行為已屬可議，況其所要求之違約金亦屬過高，顯然 逾越合理之範圍，故原告無法接受被告之主張，原告就缺 失改善逾期部分僅承認1,920,000元之計罰。 ㈢原告前對被告請求給付上開系爭契約變"
"needs_manual_review","15","TPDV,105,建,400,20211227,1","202112","2021","臺灣臺北地方法院民事","105","建","400","20211227","給付工程款等","33560","309","202112/臺灣臺北地方法院民事/TPDV,105,建,400,20211227,1.json","02_輸入資料/法律課程資料庫-20260707T080337Z-3-001/法律課程資料庫/依年份分類/202112/臺灣臺北地方法院民事/TPDV,105,建,400,20211227,1.json","ok","1","48","275","13","3","323","13","3","361","逾期違約金;違約金","工期;展延;展期;逾期;遲延","相當;酌減;過高","酌減;過高","工期;展延;展期;逾期;逾期違約金;違約金;遲延","1","1","款第6條第1項及第8條第2項、系爭南棟B1裝修工程契 約承攬單承攬條款第1條及第6條、民法第490條、第491條、 第505條規定，請求被告如數給付。 3.工期展延補償費5539萬3287元： (1)因系爭工程西棟尚在變更設計，北棟、南棟室內裝修工程未 完成設計，原告無法進場施作，故於102年5月17日函請被告 展","請求 ，被告應舉證受有何種損害，否則不得請求。原告已將系爭 工程全部完成並交由被告先行使用而受有利益，故計算違約 金時，應扣除先行使用部分之工程款，以酌減違約金。 2.被告主張修繕費用部分： 系爭工程於交付後始生損壞，並非原告施工瑕疵，依民法第 508條規定應由被告自行承擔損壞之危險，且被告於修繕前"
"needs_manual_review","16","TPDV,107,建,335,20211229,2","202112","2021","臺灣臺北地方法院民事","107","建","335","20211229","給付工程款","24521","162","202112/臺灣臺北地方法院民事/TPDV,107,建,335,20211229,2.json","02_輸入資料/法律課程資料庫-20260707T080337Z-3-001/法律課程資料庫/依年份分類/202112/臺灣臺北地方法院民事/TPDV,107,建,335,20211229,2.json","ok","1","85","98","18","15","183","18","15","279","逾期違約金;違約金","工期;展延;逾期;遲延","民法第252條;相當;酌減;第252條;過高","民法第252條;酌減;第252條;過高","工期;展延;逾期;逾期違約金;違約金;遲延","1","1","由終止後，原告扣留第72期估驗款890萬7767元 、累積保留款7766萬9201元、已結算未估驗款7528萬3474元 ，共1億6186萬0442元；另經核算逾期違約金計為1億2600萬 元。嗣原告將被告未完成部分重新發包予訴外人偉銓營造有 限公司（下稱偉銓公司或後手廠商），現已竣工結算完畢。 因上開可歸責於被告之延","履約保證金6257萬5000元，總額達1億8 857萬5000元；對照被告施工進度達69.19%，剩餘履約契約 價金約為7.85億元，裁罰違約金高達24%，實屬過高，應予 酌減等語置辯。並聲明：㈠原告之訴駁回。㈡如受不利判決， 願供擔保，請准宣告免為假執行。 三、經查，兩造於101年7月24日簽訂工程採購契約（即系爭契約"
"needs_manual_review","17","KSHV,109,建上,26,20220309,1","202203","2022","臺灣高等法院高雄分院民事","109","建上","26","20220309","返還不當得利","35482","141","202203/臺灣高等法院高雄分院民事/KSHV,109,建上,26,20220309,1.json","02_輸入資料/法律課程資料庫-20260707T080337Z-3-001/法律課程資料庫/依年份分類/202203/臺灣高等法院高雄分院民事/KSHV,109,建上,26,20220309,1.json","ok","1","16","299","23","19","315","23","19","437","逾期違約金;違約金","工期;完工期限;展延;逾期;遲延","民法第252條;相當;酌減;第252條;過高","民法第252條;酌減;第252條;過高","工期;完工期限;展延;逾期;逾期違約金;違約金;遲延","1","1","月19日施作完成，至105 年5 月2 日申報竣工 ，105 年7 月11日驗收合格，伊已受領工程報酬2 億9,588 萬1,288 元（已扣除物價調整款及違約金）。嗣新工處核計 伊違約日數為51日（105 年1 月1 日至同年2 月19日、同年 5 月2 日），並自工程尾款扣罰違約金1,606 萬7,589 元","之工程，故系爭工程並不適用系 爭工期要點。退步言之，縱認有系爭工期要點之適用，茂銓 公司請求展延或不計工期，均無理由。再者，兩造約定之逾 期違約金並無過高，不應酌減等語，資為抗辯。 四、原審判命新工處應給付茂銓公司1,126 萬7,589 元，及其中 94萬5,153 元自108 年6 月11日起、其餘1,032 萬2,"
"needs_manual_review","18","TCDV,107,建,70,20220317,4","202203","2022","臺灣臺中地方法院民事","107","建","70","20220317","給付工程款","64811","451","202203/臺灣臺中地方法院民事/TCDV,107,建,70,20220317,4.json","02_輸入資料/法律課程資料庫-20260707T080337Z-3-001/法律課程資料庫/依年份分類/202203/臺灣臺中地方法院民事/TCDV,107,建,70,20220317,4.json","ok","1","95","179","30","22","274","30","22","422","逾期違約金;違約金","工期;完工期限;展延;逾期;遲延","民法第252條;相當;酌減;第252條;過高","民法第252條;酌減;第252條;過高","工期;完工期限;展延;逾期;逾期違約金;違約金;遲延","1","1","圍，不用負責（被證6-1、6-2、20-1至20-4） 。另被告因遲未成立管理委員會衍生之支出費用及清潔費等 （被證55），原告並無可歸責，亦不需負責。 ㈤違約金部分： ⒈米蘭雙星工程因歷次變更設計影響工期，原告向被告請求延 展工期（如附表二），被告雖拒絕，但依實務見解，即便原 告未依合約期限申請延展工期，亦不生失權","變更條款，對原告顯失公平，依民法第247條之1規定即屬無 效（最高法院104年度台上字第472號判決意旨）。 ⒊被告主張1億997萬7,357元逾期違約金，亦屬過高，應適用民 法第252條予以酌減。 二、國美天藏工程： ㈠兩造於103 年7 月4 日簽立工程合約書（下稱國美天藏合約 ），由原告承攬被告「臺中市西區土庫"
"needs_manual_review","19","KSHV,109,建上,33,20220316,1","202203","2022","臺灣高等法院高雄分院民事","109","建上","33","20220316","給付工程款","19151","193","202203/臺灣高等法院高雄分院民事/KSHV,109,建上,33,20220316,1.json","02_輸入資料/法律課程資料庫-20260707T080337Z-3-001/法律課程資料庫/依年份分類/202203/臺灣高等法院高雄分院民事/KSHV,109,建上,33,20220316,1.json","ok","1","77","125","18","17","202","18","17","306","逾期違約金;違約金","工期;展延;逾期;遲延","民法第252條;相當;酌減;第252條;過高","民法第252條;酌減;第252條;過高","工期;展延;逾期;逾期違約金;違約金;遲延","1","1","響施作、天氣及其他因素影響，預 定機械完工日延至105年9月12日；工程驗收後，兩造復於行 政院公共工程委員會採購申訴審議委員會（下稱工程會）， 合意展延預定機械完工日至106年1月8日。系爭工程經上訴 人施作達機械完工後，由被上訴人於106年10月3日、19日就 最後兩項工程即12TP/OSBL工程、CFU工程","、逾期天數、違約金部 分達成共識，即如系爭協議書內容所示，就逾期天數之 記載亦為兩造真意，並非暫定，兩造當時並未就違約金 是否過高進行討論，而因工程會的調解建議書沒有提到 機械完工日，只有提到展延工期118天，若沒有確定機 械完工日會無法計算違約金，上訴人就無法即時領到工"
"needs_manual_review","20","HLHV,109,建上,6,20220413,1","202204","2022","臺灣高等法院花蓮分院民事","109","建上","6","20220413","給付違約金等","38018","126","202204/臺灣高等法院花蓮分院民事/HLHV,109,建上,6,20220413,1.json","02_輸入資料/法律課程資料庫-20260707T080337Z-3-001/法律課程資料庫/依年份分類/202204/臺灣高等法院花蓮分院民事/HLHV,109,建上,6,20220413,1.json","ok","1","262","186","32","26","448","32","26","619","逾期違約金;違約金","工期;展延;逾期;遲延","民法第252條;相當;酌減;第252條;過高","民法第252條;酌減;第252條;過高","工期;展延;逾期;逾期違約金;違約金;遲延","1","1","給付違約金等 臺灣高等法院花蓮分院民事判決 109年度建上字第6號 上 訴 人 即被上訴人 國立臺東大學 法定代理人 曾耀銘 訴訟代理人 張凱翔律師","了，臺東大學本項請求之依據已不復存在。 (六)臺東大學委託監造單位所設計弧形檢索桌之「形狀樣式」 於承攬期間僅一家供應商獨有，且其出售價格超出契約預 算過高，臺東大學亦曾明確告知並無補編預算之意願，伊 所施作之完成品除外觀上之形狀樣式未合於監造單位主觀 意想，其他規格皆符合契約條件，其功能效益完備，且品"
"needs_manual_review","21","PCDV,109,建,93,20220412,1","202204","2022","臺灣新北地方法院民事","109","建","93","20220412","給付工程款","41348","234","202204/臺灣新北地方法院民事/PCDV,109,建,93,20220412,1.json","02_輸入資料/法律課程資料庫-20260707T080337Z-3-001/法律課程資料庫/依年份分類/202204/臺灣新北地方法院民事/PCDV,109,建,93,20220412,1.json","ok","1","95","382","19","17","477","19","17","583","逾期違約金;違約金","工期;完工期限;展延;展期;逾期;遲延","民法第252條;相當;酌減;第252條;過高","民法第252條;酌減;第252條;過高","工期;完工期限;展延;展期;逾期;逾期違約金;違約金;遲延","1","1","聲明 請求被告給付新臺幣（下同）1,732萬8,593元，及自起訴狀 繕本送達翌日起至清償日止，按週年利率5%計算之利息，嗣 於訴訟中將原請求第一階段逾期違約金82萬4,068元，變更 為請求144萬6,150元，並將請求被告給付總金額變更為1,79 5萬675元（見本院卷三第345頁至第347頁），核乃基於請求","約期 間縱遇有被告交付用地遲延等情形，原告仍戮力攢趕工進， 原告於第二階段完工前並無給付義務及給付遲延，被告扣罰 144萬6,150元實屬過苛，請求依民法第252條規定予以酌減 。 ⒊第二階段逾期2天逾期違約金53萬7,816元： 被告於107年11月15日函文向原告表示剩餘土石方於107年11 月15日"
"needs_manual_review","22","TYDV,109,建,32,20220408,1","202204","2022","臺灣桃園地方法院民事","109","建","32","20220408","給付工程款","18509","158","202204/臺灣桃園地方法院民事/TYDV,109,建,32,20220408,1.json","02_輸入資料/法律課程資料庫-20260707T080337Z-3-001/法律課程資料庫/依年份分類/202204/臺灣桃園地方法院民事/TYDV,109,建,32,20220408,1.json","ok","1","84","322","14","12","406","14","12","482","逾期違約金;違約金","工期;展延;展期;逾期;遲延","民法第252條;相當;酌減;第252條;過高","民法第252條;酌減;第252條;過高","工期;展延;展期;逾期;逾期違約金;違約金;遲延","1","1","變更設計而增加375萬元工程款 ，故於106年12月29日辦理第一次變更設計，變更設計後之 契約總價金修正為4,289萬元。詎系爭工程竣工後，被告就 逾期違約金之計算有誤，致於工程尾款溢扣逾期違約金507 萬2,569元；且漏未給付諸如變更設計、配合戰演訓道路管 制而無法入場施作等因工期展延增生與時間關聯費用395萬7","應為132天。 ⒋再者，被告依系爭契約第18條以每日1%計算逾期違約金，未 審酌被告是否實際受有損害，有失公平，應依公共工程慣例 調降至1‰，請准依民法第252條規定酌減，以維公允。 ㈡工期展延增生與時間關聯費用395萬7,252元： 舉凡因天候因素、屋頂曝曬工程、營區演訓道路管制等不可 歸責於伊之事由，卻妨礙伊進場"
"needs_manual_review","23","TPDV,110,建,177,20220407,1","202204","2022","臺灣臺北地方法院民事","110","建","177","20220407","給付逾期違約金","22875","1","202204/臺灣臺北地方法院民事/TPDV,110,建,177,20220407,1.json","02_輸入資料/法律課程資料庫-20260707T080337Z-3-001/法律課程資料庫/依年份分類/202204/臺灣臺北地方法院民事/TPDV,110,建,177,20220407,1.json","ok","1","122","129","16","12","251","16","12","338","逾期違約金;違約金","工期;展延;展期;逾期;遲延","民法第252條;相當;酌減;第252條;過高","民法第252條;酌減;第252條;過高","工期;展延;展期;逾期;逾期違約金;違約金;遲延","1","1","給付逾期違約金 臺灣臺北地方法院民事判決 110年度建字第177號 原 告 國防部 法定代理人 邱國正 訴訟代理人 陳金泉律師 葛百鈴律","0元。況伊於109年8、9月份仍有派員進場施作打草，是原 告已受有利益，所受損害有限，但原告主張之109年8、9月 份逾期計罰總額高達167萬6,970元，實屬過高，請求依民法 第251條、第252條規定酌減違約金等語。 ㈤並聲明：⒈原告之訴及其假執行之聲請均駁回。⒉如受不利益 判決，願供擔保，請准予宣告免為假執行"
"needs_manual_review","24","TPDV,103,建,430,20220531,1","202205","2022","臺灣臺北地方法院民事","103","建","430","20220531","給付工程款","43452","262","202205/臺灣臺北地方法院民事/TPDV,103,建,430,20220531,1.json","02_輸入資料/法律課程資料庫-20260707T080337Z-3-001/法律課程資料庫/依年份分類/202205/臺灣臺北地方法院民事/TPDV,103,建,430,20220531,1.json","ok","1","50","344","15","12","394","15","12","472","逾期違約金;違約金","工期;展延;逾期;遲延","相當;酌減;第252條;過高","酌減;第252條;過高","工期;展延;逾期;逾期違約金;違約金;遲延","1","1","程採購契約（下稱系爭契約）。系爭發電機工程於10 0年9月21日開工，並於103年6月20日竣工，然如本判決附表 1「原告主張」所示變更追加之工程費用、不應扣之逾期違 約金、展延工期費用以及遲延給付工程款585萬7,016元之法 定利息迄今仍未獲被告清償，茲分述如後： ⒈變更追加費用2,303萬1,941元：","約金2,716萬0,490元。 ⑽退步言，因被告實際上未因遲延而受有損失，被告請求伊賠 償至最高額度違約金即契約總價20％，並非公允。應按民法 第251條、第252條規定予以酌減。系爭發電機工程於約定完 工日即102年6月11日前，累計估驗計價金額達6,621萬4,989 元，在已完成之工作部分，被告並無未受有損害。於計算違"
"needs_manual_review","25","TCHV,111,建上更一,6,20220531,1","202205","2022","臺灣高等法院臺中分院民事","111","建上更一","6","20220531","請求給付工程款","9367","44","202205/臺灣高等法院臺中分院民事/TCHV,111,建上更一,6,20220531,1.json","02_輸入資料/法律課程資料庫-20260707T080337Z-3-001/法律課程資料庫/依年份分類/202205/臺灣高等法院臺中分院民事/TCHV,111,建上更一,6,20220531,1.json","ok","1","65","41","36","32","106","36","32","306","逾期違約金;違約金","工期;逾期;遲延","民法第252條;相當;酌減;第252條;過高","民法第252條;酌減;第252條;過高","工期;逾期;逾期違約金;違約金;遲延","1","1","明書、綠建材標章證明書、6mm矽酸鈣板、半明架沖孔鋁板 天花板、明架流明格柵天花板等材料證明予監造單位即甲○○ 建築師事務所（下稱甲○○建築師）。被上訴人雖以伊逾期違 約而扣罰526萬8293元違約金，然本件違約金性質係損害賠 償額預定性質之違約金，被上訴人均未提出其所主張所受損 害及所失利益之證明，且伊已完成系","程之利潤僅8%，所得額 約7%，伊遭扣罰系爭契約金額之20%即526萬8293元之違約金 ，非但無任何利潤，仍須支付下游廠商各項費用及銀行貸款 ，顯屬過高，應予酌減後返還伊。爰依系爭契約及民法第25 2條、第179條規定，擇一求為命被上訴人給付伊372萬9528 元之本息(原審為上訴人敗訴之判決，上訴人不服，提起"
"needs_manual_review","26","TCHV,110,建上,69,20220621,1","202206","2022","臺灣高等法院臺中分院民事","110","建上","69","20220621","給付工程款等","18614","167","202206/臺灣高等法院臺中分院民事/TCHV,110,建上,69,20220621,1.json","02_輸入資料/法律課程資料庫-20260707T080337Z-3-001/法律課程資料庫/依年份分類/202206/臺灣高等法院臺中分院民事/TCHV,110,建上,69,20220621,1.json","ok","1","142","178","39","34","320","39","34","534","逾期違約金;違約金","工期;逾期;遲延","相當;酌減;過高","酌減;過高","工期;逾期;逾期違約金;違約金;遲延","1","1","5條第1項第2、3 款定有明文。被上訴人原起訴請求上訴人給付910萬4908元 ，及自民國107年12月18日（即調解聲請書送達上訴人之翌 日）起算之遲延利息，嗣於本院減縮為請求上訴人給付821 萬1118元及自起訴狀繕本送達翌日起算之利息（見本院卷第 252-253、318頁），核屬減縮起訴之聲明。另就返還履約","逾期違約金及懲罰性罰款之債權合計281萬2870元，依A、B 契約第17條第㈢項及第14條第㈢項約定，與被上訴人請求之工 程款及履約保證金辦理扣抵。又就違約金酌減後返還之金額 ，需待法院為酌減裁判之法律效果形成後，始有給付遲延而 須支付法定遲延利息，是本件遲延利息應自本判決確定翌日 起算等語，資為抗辯。並上訴聲"
"needs_manual_review","27","TCHV,108,建上更一,25,20220614,1","202206","2022","臺灣高等法院臺中分院民事","108","建上更一","25","20220614","給付工程款等","24829","120","202206/臺灣高等法院臺中分院民事/TCHV,108,建上更一,25,20220614,1.json","02_輸入資料/法律課程資料庫-20260707T080337Z-3-001/法律課程資料庫/依年份分類/202206/臺灣高等法院臺中分院民事/TCHV,108,建上更一,25,20220614,1.json","ok","1","46","263","29","27","309","29","27","475","逾期違約金;違約金","工期;展延;逾期;遲延","民法第252條;相當;酌減;第252條;過高","民法第252條;酌減;第252條;過高","工期;展延;逾期;逾期違約金;違約金;遲延","1","1","在此限，民事訴訟法第44 6條第2項第2款定有明文。經查，樺園營造股份有限公司（ 下稱樺園公司）起訴請求經濟部水利署（下稱水利署）給付 逾扣之工程款及展延工期所增加支出之費用。水利署則否認 其有逾扣工程款情事，並抗辯樺園公司經展延工期後仍逾期 遲延完工。水利署於本院審理中反訴主張樺園公司已給付之 逾期違","㈡樺園公司依行政院公共工程委員會（下稱公程會）鑑定結果 ，於系爭工程固有逾期25工作天，水利署並未受有實際損害 ，且系爭工程已發揮防洪功能，兩造約定之逾期違約金過高 ，應予酌減50%爲124萬9,098元（計算式：99,927,796元×1/ 1000×25日×1/2＝1,249,098元），惟水利署結算驗收時，依"
"needs_manual_review","28","PCDV,109,建,79,20220630,1","202206","2022","臺灣新北地方法院民事","109","建","79","20220630","給付工程款等","14981","85","202206/臺灣新北地方法院民事/PCDV,109,建,79,20220630,1.json","02_輸入資料/法律課程資料庫-20260707T080337Z-3-001/法律課程資料庫/依年份分類/202206/臺灣新北地方法院民事/PCDV,109,建,79,20220630,1.json","ok","1","59","91","38","32","150","38","32","354","逾期違約金;違約金","工期;展延;展期;逾期;遲延","民法第252條;相當;酌減;第252條;過高","民法第252條;酌減;第252條;過高","工期;展延;展期;逾期;逾期違約金;違約金;遲延","1","1","億818萬4,863元。原約定履約期限為600日曆天 ，預計於100年12月10日竣工，依監造單位即訴外人亞新工 程顧問股份有限公司（下稱亞新公司）審核意見准予展延工 期171日及免計工期2日後，竣工日展延至101年5月31日，系 爭工程實際竣工日為101年8月24日，被告認系爭工程逾期85 日，依系爭契約第18","8,100元（即系爭契約「（十二）統 包商管理費及利潤-詳細價目表12」中第7項「統包商利潤」 6,982萬5,000元×6.8%＝474萬8,100元），顯有過高之情應予 酌減，前案已肯認系爭工程之違約金計算應酌減至按系爭契 約總價萬分之1按日計算，始與原告之履約比例相當，則據 以計算被告得扣罰原告之逾期懲罰性"
"needs_manual_review","29","TPHV,109,建上,30,20220803,2","202208","2022","臺灣高等法院民事","109","建上","30","20220803","給付工程款","54251","392","202208/臺灣高等法院民事/TPHV,109,建上,30,20220803,2.json","02_輸入資料/法律課程資料庫-20260707T080337Z-3-001/法律課程資料庫/依年份分類/202208/臺灣高等法院民事/TPHV,109,建上,30,20220803,2.json","ok","1","78","312","10","8","390","10","8","442","逾期違約金;違約金","工期;完工期限;展延;逾期;遲延","相當;酌減;過高","酌減;過高","工期;完工期限;展延;逾期;逾期違約金;違約金;遲延","1","1","給付 偏位工程款，並就所提供混凝土品質不佳部分賠償其所受損 害，經核均係本於系爭契約、系爭工程所生之訟爭，且被上 訴人於系爭二事件中均主張以系爭契約之逾期違約金債權抵 銷上訴人之請求，是系爭二事件之訴訟標的乃互相牽連，本 院自得依上開規定命合併辯論及合併判決，先予敘明。 二、被上訴人法定代理人原為余俊彥，嗣於本院審理","，此觀民法 第490條及第494條規定自明。是在承攬關係仍存續時，定作 人於承攬人完成工作時，雖其工作有瑕疵，仍無解於應給付 報酬之義務，僅定作人得定相當期限請求承攬人修補，如承 攬人不於所定期限內修補瑕疵，或拒絕修補，或其瑕疵不能 修補者，定作人得依民法第493條、第494條等規定請求償還 修補費用、"
"needs_manual_review","30","TPHV,109,建上,31,20220803,2","202208","2022","臺灣高等法院民事","109","建上","31","20220803","給付工程款等","54239","392","202208/臺灣高等法院民事/TPHV,109,建上,31,20220803,2.json","02_輸入資料/法律課程資料庫-20260707T080337Z-3-001/法律課程資料庫/依年份分類/202208/臺灣高等法院民事/TPHV,109,建上,31,20220803,2.json","ok","1","78","312","10","8","390","10","8","442","逾期違約金;違約金","工期;完工期限;展延;逾期;遲延","相當;酌減;過高","酌減;過高","工期;完工期限;展延;逾期;逾期違約金;違約金;遲延","1","1","給付 偏位工程款，並就所提供混凝土品質不佳部分賠償其所受損 害，經核均係本於系爭契約、系爭工程所生之訟爭，且被上 訴人於系爭二事件中均主張以系爭契約之逾期違約金債權抵 銷上訴人之請求，是系爭二事件之訴訟標的乃互相牽連，本 院自得依上開規定命合併辯論及合併判決，先予敘明。 二、被上訴人法定代理人原為余俊彥，嗣於本院審理","，此觀民法 第490條及第494條規定自明。是在承攬關係仍存續時，定作 人於承攬人完成工作時，雖其工作有瑕疵，仍無解於應給付 報酬之義務，僅定作人得定相當期限請求承攬人修補，如承 攬人不於所定期限內修補瑕疵，或拒絕修補，或其瑕疵不能 修補者，定作人得依民法第493條、第494條等規定請求償還 修補費用、"
"needs_manual_review","31","TPHV,107,建上,43,20220823,1","202208","2022","臺灣高等法院民事","107","建上","43","20220823","返還履約保證金等","117447","594","202208/臺灣高等法院民事/TPHV,107,建上,43,20220823,1.json","02_輸入資料/法律課程資料庫-20260707T080337Z-3-001/法律課程資料庫/依年份分類/202208/臺灣高等法院民事/TPHV,107,建上,43,20220823,1.json","ok","1","18","173","20","13","191","20","13","283","違約金","工期;完工期限;展延;逾期;遲延","相當;酌減;第252條;過高","酌減;第252條;過高","工期;完工期限;展延;逾期;違約金;遲延","1","1","4日起，其中1億9791萬51元自100年10月 29日起，其中402萬1294元自106年3月13日起，其餘677萬70 72元自107年2月2日起，計付法定遲延利息（原審就此為上 訴人敗訴之判決，上訴人聲明不服，提起上訴，其在原審請 求逾前述部分，非屬本院審理範圍，茲不贅述）。並上訴聲 明：一.原判決關於駁回","稱：回填 物包含營建廢棄物，不符依據前揭構造物回填規定，上 訴人原設計利用開挖材料回填，但因原開挖材料包含營 建廢棄物且含水量過高，不符作為回填材料之要求，故 請求被上訴人辦理追加。監造單位則於98年4月8日函復 ：含水量過高係上訴人施作橋墩基礎時未妥善處理排水"
"needs_manual_review","32","TPDV,109,建,151,20221031,2","202210","2022","臺灣臺北地方法院民事","109","建","151","20221031","給付工程款等","28184","149","202210/臺灣臺北地方法院民事/TPDV,109,建,151,20221031,2.json","02_輸入資料/法律課程資料庫-20260707T080337Z-3-001/法律課程資料庫/依年份分類/202210/臺灣臺北地方法院民事/TPDV,109,建,151,20221031,2.json","ok","1","39","255","20","17","294","20","17","402","逾期違約金;違約金","工期;展延;逾期;遲延","相當;酌減;第252條;過高","酌減;第252條;過高","工期;展延;逾期;逾期違約金;違約金;遲延","1","1","港航道迴船池水域加深工程- 後續工程」（下稱系爭工程）之工程契約（下稱系爭契約） ，由原告向被告承攬系爭工程，契約總價為新臺幣（下同） 4億5070萬元，工期為540日曆天。原告自104年3月3日開工 ，至106年8月26日竣工，經被告於106年10月13日驗收完成 。兩造於履約過程中，就「浚挖內含物之實作數量計價及","天。惟在上開成立調解範 圍外，被告尚應給付「因一例一休修法而應展延工期4天所 增生之管理費」、「因法定工時縮減而應展延工期13天所增 生之管理費」、「酌減逾期違約金」、「給付營業稅款」、 「契約允許超挖50公分範圍之實做數量計價工程款」、「因 展延工期期間所增生迴淤量之浚挖工程款」，合計1億6880 萬"
"needs_manual_review","33","TNHV,109,建上,22,20221011,1","202210","2022","臺灣高等法院臺南分院民事","109","建上","22","20221011","延遲給付工程款之利息等","31227","72","202210/臺灣高等法院臺南分院民事/TNHV,109,建上,22,20221011,1.json","02_輸入資料/法律課程資料庫-20260707T080337Z-3-001/法律課程資料庫/依年份分類/202210/臺灣高等法院臺南分院民事/TNHV,109,建上,22,20221011,1.json","ok","1","78","74","42","34","152","42","34","372","逾期違約金;違約金","逾期;遲延","民法第252條;相當;酌減;第252條;過高","民法第252條;酌減;第252條;過高","逾期;逾期違約金;違約金;遲延","1","1","255條第1項第2、3 款定有明文。上訴人即附帶被上訴人（下稱上訴人）上訴後 ，就原請求酌減並返還因超估遭被上訴人即附帶上訴人（下 稱被上訴人）處罰之違約金新臺幣（下同）396,754元本息 部分，追加請求44,084元本息，並追加依民法第231條、第2 29條第2項規定，請求被上訴人給付延遲退還末期履約保證","受判決事項之聲明者， 不在此限，民事訴訟法第446條第1項、第255條第1項第2、3 款定有明文。上訴人即附帶被上訴人（下稱上訴人）上訴後 ，就原請求酌減並返還因超估遭被上訴人即附帶上訴人（下 稱被上訴人）處罰之違約金新臺幣（下同）396,754元本息 部分，追加請求44,084元本息，並追加依民法第231條、第"
"needs_manual_review","34","ULDV,111,訴,67,20221004,1","202210","2022","臺灣雲林地方法院民事","111","訴","67","20221004","給付工程款","12969","85","202210/臺灣雲林地方法院民事/ULDV,111,訴,67,20221004,1.json","02_輸入資料/法律課程資料庫-20260707T080337Z-3-001/法律課程資料庫/依年份分類/202210/臺灣雲林地方法院民事/ULDV,111,訴,67,20221004,1.json","ok","1","36","156","25","16","192","25","16","306","逾期違約金;違約金","工期;展延;展期;逾期;遲延","民法第252條;相當;酌減;第252條;過高","民法第252條;酌減;第252條;過高","工期;展延;展期;逾期;逾期違約金;違約金;遲延","1","1","0日曆天。系爭工程於109年8月2日開工 ，預定竣工日期為109年11月29日，原告於110年2月22日竣 工，並經被告於110年8月16日驗收完畢，被告以原告逾期完 工84日為由，自原告應得之工程款内扣抵逾期違約金新台幣 （下同）1,565,800元。 ㈡、原告實際竣工日雖晚於預定竣工日，但依系爭工程契約第7","候影響無法施工33日，共95日），即無逾期，不 應課予逾期違約金1,565,800元。 ㈢、退萬步言，本件縱認原告有逾期完工（惟原告否認之），違 約金數額亦屬過高，請依民法第252條予以酌減： ⒈按約定之違約金過高者，法院得減至相當之數額，民法第25 2條定有明文。至於是否相當，即須依一般客觀事實，社會 經濟狀況及當事人"
"needs_manual_review","35","TPDV,105,建,293,20221130,3","202211","2022","臺灣臺北地方法院民事","105","建","293","20221130","給付違約金等","30756","218","202211/臺灣臺北地方法院民事/TPDV,105,建,293,20221130,3.json","02_輸入資料/法律課程資料庫-20260707T080337Z-3-001/法律課程資料庫/依年份分類/202211/臺灣臺北地方法院民事/TPDV,105,建,293,20221130,3.json","ok","1","50","369","7","6","419","7","6","460","逾期違約金;違約金","工期;展延;展期;逾期;遲延","民法第252條;相當;酌減;第252條;過高","民法第252條;酌減;第252條;過高","工期;展延;展期;逾期;逾期違約金;違約金;遲延","1","1","給付違約金等 臺灣臺北地方法院民事判決 105年度建字第293號 原 告 日興資產股份有限公司 法定代理人 戴興新 訴訟代理人 張菀萱律師 複 代理人","年9 月2日開學並先行使用校舍，並未造成該校損害，且系爭契 約第26條已訂有分段完工或移交之逾期違約金計算方式，則 被告按契約總價所計罰逾期違約金顯已過高，依民法第252 條規定，應酌減逾期完工之逾期違約金至0元（卷一152）。 爰依民法第179條之規定，請求被告如數返還前㈠被告扣罰之 逾期完工之逾期違"
"needs_manual_review","36","KSDV,107,建,28,20221130,2","202211","2022","臺灣高雄地方法院民事","107","建","28","20221130","給付工程款","26962","236","202211/臺灣高雄地方法院民事/KSDV,107,建,28,20221130,2.json","02_輸入資料/法律課程資料庫-20260707T080337Z-3-001/法律課程資料庫/依年份分類/202211/臺灣高雄地方法院民事/KSDV,107,建,28,20221130,2.json","ok","1","33","279","7","6","312","7","6","350","逾期違約金;違約金","工期;展延;展期;逾期","民法第252條;相當;酌減;第252條;過高","民法第252條;酌減;第252條;過高","工期;展延;展期;逾期;逾期違約金;違約金","1","1","港第13號至第15號碼頭區域）新建工程」（下稱系爭工程） ，兩造並於103年1月3日簽訂工程採購契約（下稱系爭契約 ），工程結算方式採契約總價結算，原訂工期應自伊開工之 日即103年3月20日起算540日（日，下同）完成，惟施作期 間歷經4次變更設計，又配合被告辦理第5次變更設計行政程 序而停工，乃於10","違約 金究屬何性質，應依當事人之意思定之，倘當事人未約定， 則視為因不履行而生損害之賠償總額，此觀民法第250條第2 項之規定自明；另按約定之違約金額過高者，法院得減至相 當之數額，民法第252條固定有明文，惟此規定乃係賦與法 官依兩造所提出之事證資料，斟酌社會經濟狀況並平衡兩造 利益而為妥適判斷之權限"
"needs_manual_review","37","TPHV,110,建上,9,20221230,1","202212","2022","臺灣高等法院民事","110","建上","9","20221230","給付工程款","55075","301","202212/臺灣高等法院民事/TPHV,110,建上,9,20221230,1.json","02_輸入資料/法律課程資料庫-20260707T080337Z-3-001/法律課程資料庫/依年份分類/202212/臺灣高等法院民事/TPHV,110,建上,9,20221230,1.json","ok","1","13","404","9","3","417","9","3","447","逾期違約金;違約金","工期;展延;展期;逾期","相當;酌減;過高","酌減;過高","工期;展延;展期;逾期;逾期違約金;違約金","1","1","約期限為自開工日起1,550日曆天內竣工，系爭工程於95年1 0月14日開工，預定竣工日期為100年1月10日。履約期間因 多項事由，經北市環保局核定展延工期合計1,040天，而將 預定竣工日期展延為102年11月15日。嗣系爭工程於103年1 月22日竣工，北市環保局以伊逾期68天為由，扣罰伊逾期違","充投 標須知第26條，自費前往工地勘查並作必要之調查後，預估 系爭工程土石比例高達71.78%，與上開實際開挖之土石比例 73.06～73.56％幾近相當。且依上開⑶所示，福清公司本可依 據上開自行預估之土石比例71.78%，預先設計、規劃系爭工 程流程，故土石比例縱有落差，非不可抗力，而屬福清公司 有"
"needs_manual_review","38","CYDV,109,建,4,20230109,3","202301","2023","臺灣嘉義地方法院民事","109","建","4","20230109","給付工程款","89620","508","202301/臺灣嘉義地方法院民事/CYDV,109,建,4,20230109,3.json","02_輸入資料/法律課程資料庫-20260707T080337Z-3-001/法律課程資料庫/依年份分類/202301/臺灣嘉義地方法院民事/CYDV,109,建,4,20230109,3.json","ok","1","260","778","95","87","1038","95","87","1576","逾期違約金;違約金","工期;完工期限;展延;展期;逾期;遲延","民法第252條;民法第二百五十二條;相當;酌減;第252條;過高","民法第252條;民法第二百五十二條;酌減;第252條;過高","工期;完工期限;展延;展期;逾期;逾期違約金;違約金;遲延","1","1","2的工程合約書第7條所記載預計竣工日期為104年1 1月19日、原證6的工程結算驗收證明書也記載預定竣工日期 為104年11月19日；但另原證4的第2次變更設計工期計算表 ，則記載原合約書完工期限為104年11月22日】。嗣因第二 次契約變更事宜、天候及校長遴選等因素，經被告核定展延 32天之工期，是展延後之預定","6 3,830＋45,958)×3‰＝4,229】。 四、原告既已完成系爭工程全部工項，且被告已實際開始使用， 顯見被告受有遲延損害甚微，故系爭逾期違約金顯然過高， 故原告依民法第251條、第252等規定，懇請鈞院為違約金之 酌減，以維原告權益。 (一)本案逾期違約金性質為「損害賠償額預定性違約金」，依「 無"
"needs_manual_review","39","TPHV,109,建上,50,20230117,1","202301","2023","臺灣高等法院民事","109","建上","50","20230117","給付工程款","38104","233","202301/臺灣高等法院民事/TPHV,109,建上,50,20230117,1.json","02_輸入資料/法律課程資料庫-20260707T080337Z-3-001/法律課程資料庫/依年份分類/202301/臺灣高等法院民事/TPHV,109,建上,50,20230117,1.json","ok","1","42","357","15","12","399","15","12","477","逾期違約金;違約金","工期;完工期限;展延;展期;逾期;遲延","民法第252條;相當;酌減;第252條;過高","民法第252條;酌減;第252條;過高","工期;完工期限;展延;展期;逾期;逾期違約金;違約金;遲延","1","1","約給付系爭主工程款32 70萬4395元，爰依系爭契約第6條約定及民法第490條、第50 5條等規定，請求上訴人如數給付。又伊施作過程中，兩造 已合意展延工期82日（其中包含自104年5月3日起至105年10 月31日期間之星期日均不計工期而展延），且因上訴人委託 之建築師設計有誤，致1樓開放空間之景觀植栽區域與","外，其契約 內容須債務人繼續的履行始能實現者而言。衡諸承攬之性質 ，包含勞務之給付及一定工作之完成，而工作之完成常因其 複雜度，需區分階段、項目且耗費相當時日，始得陸續完成 ，自具有繼續性契約之性質。於工程進行中，定作人與承攬 人本得依現實狀況隨時檢討工期，以確保及維持工程進度， 如遇法令限制或因事實上"
"needs_manual_review","40","TPDV,111,建,106,20230119,1","202301","2023","臺灣臺北地方法院民事","111","建","106","20230119","確認工程款債權存在等","17791","87","202301/臺灣臺北地方法院民事/TPDV,111,建,106,20230119,1.json","02_輸入資料/法律課程資料庫-20260707T080337Z-3-001/法律課程資料庫/依年份分類/202301/臺灣臺北地方法院民事/TPDV,111,建,106,20230119,1.json","ok","1","78","65","24","20","143","24","20","271","逾期違約金;違約金","工期;逾期;遲延","相當;酌減;第252條;過高","酌減;第252條;過高","工期;逾期;逾期違約金;違約金;遲延","1","1","大公司）所指定共同發包之分包廠商，而依 被告與森大公司簽立之合約可知，三方均同意，被告對餘聯 公司之付款義務是否成就、及餘聯公司是否有違約而應負扣 抵違約金或損害賠償責任及相關數額等節，取決於森大公司 對於餘聯公司是否已依約履行義務之認定，是森大公司就本 件請求確認工程款債權事件間有法律上之利害關係，而具狀","6萬7294元÷1億9800萬元×100%=3.821%），卻有10%之承攬 報酬須以違約金方式返還，實反於民法第251條規定意旨 ，有違約金過高之情。是餘聯公司剩餘工程3.8%未完工， 被告因逾期所受損害，應以未完工比例計算，即以總工程 款3.8%為基準，按日以3‰計算逾期違約金，而應為每日2"
"needs_manual_review","41","TPHV,107,建上,38,20230221,1","202302","2023","臺灣高等法院民事","107","建上","38","20230221","給付違約金等","37581","196","202302/臺灣高等法院民事/TPHV,107,建上,38,20230221,1.json","02_輸入資料/法律課程資料庫-20260707T080337Z-3-001/法律課程資料庫/依年份分類/202302/臺灣高等法院民事/TPHV,107,建上,38,20230221,1.json","ok","1","113","370","12","9","483","12","9","546","逾期違約金;違約金","工期;完工期限;展延;展期;逾期;遲延","民法第252條;相當;酌減;第252條;過高","民法第252條;酌減;第252條;過高","工期;完工期限;展延;展期;逾期;逾期違約金;違約金;遲延","1","1","給付違約金等 臺灣高等法院民事判決 107年度建上字第38號 上 訴 人 國立陽明交通大學（原國立交通大學） 法定代理人 林奇宏 訴訟代理人 張訓嘉律師","罰性違約金。又系爭契約第4 條第1項違約金之性質應為損害賠償總額預定，陽明交大辦 理減價收受並未受有損害，扣罰伊2倍懲罰性違約金顯失公 平。原審雖予以酌減50%即81萬5,216元，仍屬過高等語，資 為抗辯。 乙、反訴及追加部分： 一、豪昱等2公司主張：系爭工程經2次變更設計後總價為1億8,8 54萬8,71"
"needs_manual_review","42","TPDV,110,建,16,20230214,1","202302","2023","臺灣臺北地方法院民事","110","建","16","20230214","給付工程款等","36549","387","202302/臺灣臺北地方法院民事/TPDV,110,建,16,20230214,1.json","02_輸入資料/法律課程資料庫-20260707T080337Z-3-001/法律課程資料庫/依年份分類/202302/臺灣臺北地方法院民事/TPDV,110,建,16,20230214,1.json","ok","1","21","282","3","2","303","3","2","317","逾期違約金;違約金","工期;完工期限;展延;逾期;遲延","相當;酌減","酌減","工期;完工期限;展延;逾期;逾期違約金;違約金;遲延","1","1","9期工程款，然被告無 故退回，原告於109年6月11日以存證信函催告被告於函到5 日內付款，被告於同年月12日收受後仍未付款，是第19期工 程款之法定遲延利息應自109年6月18日起算。另原告於109 年7月2日提出發票、請款計價單向被告請領第20期工程款， 被告拒不付款，原告復於109年8月24日以存證信函催告","請使照，再於109年10月8日經核准使照，被告於 同年12月18日領取使照，原告並無逾期違約之情事，被告 以逾期違約金抵銷工程款，即無理由。 ⒊請求酌減違約金：系爭契約第8條約定之逾期違約金，並未視 工作是否完成或完成程度而有不同，顯非合理。系爭工程早 於109年4月8日竣工，而為可請領使照狀態，建築執照亦未"
"needs_manual_review","43","TPDV,107,建,250,20230331,1","202303","2023","臺灣臺北地方法院民事","107","建","250","20230331","給付工程款","29360","127","202303/臺灣臺北地方法院民事/TPDV,107,建,250,20230331,1.json","02_輸入資料/法律課程資料庫-20260707T080337Z-3-001/法律課程資料庫/依年份分類/202303/臺灣臺北地方法院民事/TPDV,107,建,250,20230331,1.json","ok","1","54","322","5","3","376","5","3","398","逾期違約金;違約金","工期;展延;逾期;遲延","相當;酌減;過高","酌減;過高","工期;展延;逾期;逾期違約金;違約金;遲延","1","1","出經被告審核通過之工 程估驗單及統一發票向被告申請如附表一所示第27至33期估 驗計價款共計53,275,294元，但被告皆以原告施作第一階段 里程碑逾期為由，主張依系爭契約第17條第1項、第3項約定 扣罰逾期違約金，並自應付之估驗款中扣抵，因而拒絕估驗 計價予原告。惟系爭工程進行期間，除被告已核准展延之14","款。況逾期違約金乃損害賠償額預定性之違約金，於系爭工 程竣工並交付被告前，要難確定被告因原告逾期完工而受有 損害，故被告提前予以扣抵，除有礙原告請求酌減違約金之 權利外，亦顯然有違誠信原則。另系爭契約第14條第1項明 定，履約保證金應自估驗金額達契約價金總額20％、40％、60 ％、80％及驗收合格後"
"needs_manual_review","44","TPHV,111,建上,4,20230412,2","202304","2023","臺灣高等法院民事","111","建上","4","20230412","給付工程款","55942","261","202304/臺灣高等法院民事/TPHV,111,建上,4,20230412,2.json","02_輸入資料/法律課程資料庫-20260707T080337Z-3-001/法律課程資料庫/依年份分類/202304/臺灣高等法院民事/TPHV,111,建上,4,20230412,2.json","ok","1","106","370","20","15","476","20","15","576","逾期違約金;違約金","工期;完工期限;展延;逾期;遲延","民法第252條;相當;酌減;第252條;過高","民法第252條;酌減;第252條;過高","工期;完工期限;展延;逾期;逾期違約金;違約金;遲延","1","1","石運動園區2期（1 區）景觀改善工程」（下稱系爭工程）承攬契約（下稱系爭 契約），約定由上訴人承攬系爭工程，契約金額為新臺幣（ 下同）8,420萬元，工期為自開工日起210日曆天內完工。系 爭工程於101年8月23日開工，契約約定完工期限為102年3月 20日，實際於103年5月5日竣工，同年10月5日完成驗收，","縱上訴人有逾期情形，然上訴人已完成系爭工程，被上訴人 並未因此受有損害，尚因被上訴人要求先行使用設置停車場 ，而得收取停車費近4,600萬餘元，違約金亦應予酌減，被 上訴人即不應再對上訴人計罰違約金。 (七)展延工期間接費用部分： 結算數量增加部分相關工期177天，被上訴人應依系爭契約 第20條第12款約定、民"
"needs_manual_review","45","TNHV,111,上更一,30,20230509,1","202305","2023","臺灣高等法院臺南分院民事","111","上更一","30","20230509","履行契約","23826","24","202305/臺灣高等法院臺南分院民事/TNHV,111,上更一,30,20230509,1.json","02_輸入資料/法律課程資料庫-20260707T080337Z-3-001/法律課程資料庫/依年份分類/202305/臺灣高等法院臺南分院民事/TNHV,111,上更一,30,20230509,1.json","ok","1","49","102","41","29","151","41","29","349","違約金","工期;完工期限;展延;逾期;遲延","民法第二百五十二條;相當;酌減;過高","民法第二百五十二條;酌減;過高","工期;完工期限;展延;逾期;違約金;遲延","1","1","物、附屬 建物及使用執照所定之必要設施，並取得使用執照，並約定 賣方如逾前款期限未開工或未取得使用執照者，每逾1日應 按已繳房地價款依萬分之5單利計算遲延利息予買方，被上 訴人至102年11月11日前已繳房地價款分別如原審判決附表 一所示，上訴人遲至104年2月24日始取得使用執照，共逾期 470天，上","被上訴人如原審判決附表一所示 之逾期取得使用執照之遲延利息。本件遲延利息之約定乃懲 罰性違約金，乃內政部頒布，已多年未調整，顯見此項約定 合理性，並無過高，不應酌減等語，爰依系爭契約，請求上 訴人分別給付如原審判決附表一所示之金額，並加計自起訴 狀繕本送達翌日起至清償日止之法定遲延利息等語。 二、上訴人則以：依"
"needs_manual_review","46","TPDV,107,建,232,20230630,6","202306","2023","臺灣臺北地方法院民事","107","建","232","20230630","給付工程款","39727","337","202306/臺灣臺北地方法院民事/TPDV,107,建,232,20230630,6.json","02_輸入資料/法律課程資料庫-20260707T080337Z-3-001/法律課程資料庫/依年份分類/202306/臺灣臺北地方法院民事/TPDV,107,建,232,20230630,6.json","ok","1","43","340","24","17","383","24","17","499","逾期違約金;違約金","工期;展延;逾期;遲延","民法第252條;相當;酌減;第252條;過高","民法第252條;酌減;第252條;過高","工期;展延;逾期;逾期違約金;違約金;遲延","1","1","約 範圍內之工程款。被告抗辯原告單獨起訴，本件欠缺當事人 適格云云，自不足取。 二、原告起訴原請求被告給付新臺幣(下同)1134萬0921元及法定 遲延利息，嗣經數次減縮或擴張，最終將請求金額減縮為10 43萬0519元（見本院卷六第156頁），核屬減縮應受判決事 項之聲明，依民事訴訟法第255條第1項但書第3","年後始完成驗收。且 老人之家一期拆除時，尚保留三里院舍及活動中心作為臨時 人員安置場所，並未增加住宿費用。顯見被告並未因遲延完 工而受有損害，爰請求按民法第252條規定酌減違約金。 2、遭扣之工程款(竣工圖逾期違約金)82萬0574元： (1)第一期工程於104年6月30日竣工，原告應於竣工後7日內即1 04年7月7日前提出"
"needs_manual_review","47","TPDV,110,重訴,616,20230609,2","202306","2023","臺灣臺北地方法院民事","110","重訴","616","20230609","履行契約","17946","5","202306/臺灣臺北地方法院民事/TPDV,110,重訴,616,20230609,2.json","02_輸入資料/法律課程資料庫-20260707T080337Z-3-001/法律課程資料庫/依年份分類/202306/臺灣臺北地方法院民事/TPDV,110,重訴,616,20230609,2.json","ok","1","97","79","35","32","176","35","32","374","逾期違約金;違約金","逾期;遲延","民法第252條;相當;酌減;第252條;過高","民法第252條;酌減;第252條;過高","逾期;逾期違約金;違約金;遲延","1","1","「外觀」項目不合格，嗣被告分別於108年11月 12日、110年3月11日減價收受第四批、第一批貨物。 原告主張被告解除第二、三批貨物之契約不合法，第一、四 批貨物之逾期違約金計算亦屬過高，向本院起訴請求被告返還附 表二編號1所示之項目及金額。本院認為被告未依製程參數確認 表所載「設定溫度」壓製抗彈板，且未由再驗機構壓製抗彈板及 實施性能測試，違反","，嗣被告分別於108年11月 12日、110年3月11日減價收受第四批、第一批貨物。 原告主張被告解除第二、三批貨物之契約不合法，第一、四 批貨物之逾期違約金計算亦屬過高，向本院起訴請求被告返還附 表二編號1所示之項目及金額。本院認為被告未依製程參數確認 表所載「設定溫度」壓製抗彈板，且未由再驗機構壓製抗彈板及 實施性能測試，違反系爭契約約定"
"needs_manual_review","48","KMDV,110,重訴,16,20230606,1","202306","2023","福建金門地方法院民事","110","重訴","16","20230606","履行契約","21788","94","202306/福建金門地方法院民事/KMDV,110,重訴,16,20230606,1.json","02_輸入資料/法律課程資料庫-20260707T080337Z-3-001/法律課程資料庫/依年份分類/202306/福建金門地方法院民事/KMDV,110,重訴,16,20230606,1.json","ok","1","82","66","31","26","148","31","26","314","逾期違約金;違約金","工期;展延;逾期;遲延","民法第252條;相當;酌減;第252條;過高","民法第252條;酌減;第252條;過高","工期;展延;逾期;逾期違約金;違約金;遲延","1","1","系爭契約第11條第8項 以及民法第179條之規定，擇一為有利於原告之判決（本院 卷二第89頁）；以及於112年5月23日言詞辯論期日當庭表示 將起訴狀逾期罰款部分更正為逾期違約金（本院卷二第195 頁）等，經核，訴之聲明及訴訟標的均無變動，應屬補充、 更正事實上及法律上之陳述，依上揭規定，非為訴之變更或","為20%，故應扣罰38,318,066x20%＝7,663,613元 。系爭工程係因可歸責於被告之事由，致延誤履約期限，並 致終止契約，情節重大，被告主張違約金過高，顯屬事後卸 責。原告僅請求契約價金總額20%即7,663,613元，已屬適當 ，且此筆款項之請求權時效為15年，原告請求並未逾請求權 時效。 ⒉"
"needs_manual_review","49","HLHV,111,建上更二,3,20230616,1","202306","2023","臺灣高等法院花蓮分院民事","111","建上更二","3","20230616","給付工程款等","10053","24","202306/臺灣高等法院花蓮分院民事/HLHV,111,建上更二,3,20230616,1.json","02_輸入資料/法律課程資料庫-20260707T080337Z-3-001/法律課程資料庫/依年份分類/202306/臺灣高等法院花蓮分院民事/HLHV,111,建上更二,3,20230616,1.json","ok","1","60","97","24","20","157","24","20","285","逾期違約金;違約金","工期;完工期限;展延;逾期;遲延","民法第252條;相當;酌減;第252條;過高","民法第252條;酌減;第252條;過高","工期;完工期限;展延;逾期;逾期違約金;違約金;遲延","1","1","份有限公司安裝送電期 間119 日、④農曆春節禁挖30日、⑤光纜建置申請及安裝215 日、⑥偵測設備因颱風浸水損害修復及變更設計101日）應得 免計工期或展延工期之事由為由，起訴請求二指部返還已扣 罰之逾期違約金及給付展延工期費用額外支出品管組織費、 勞工安全衛生費、承商利潤、營造綜合保險費等4項費用（","張二指部就此部分不當扣罰 逾期違約金而應返還等語，均非可採。 ㈡基錮公司於本院更一審主張：本件逾期違約金為損害賠償性 質，希望增加爭點為本件違約金是否過高等語(見本院更一 卷一第185頁)；二指部則抗辯：有關本件違約金是否過高部 分，不同意基錮公司列為爭點，因現已為本院更一審，其主 張應已逾時等語(見本"
"needs_manual_review","50","PCDV,110,建,49,20230630,2","202306","2023","臺灣新北地方法院民事","110","建","49","20230630","給付工程款","16502","60","202306/臺灣新北地方法院民事/PCDV,110,建,49,20230630,2.json","02_輸入資料/法律課程資料庫-20260707T080337Z-3-001/法律課程資料庫/依年份分類/202306/臺灣新北地方法院民事/PCDV,110,建,49,20230630,2.json","ok","1","113","71","20","15","184","20","15","284","逾期違約金;違約金","工期;展延;逾期;遲延","相當;酌減;過高","酌減;過高","工期;展延;逾期;逾期違約金;違約金;遲延","1","1","月3日終止契約，於110年4 月29日辦理終止契約結算驗收。然被告於結算驗收時，卻稱 原告於109年12月2日違規棄置營建廢棄物120立方公尺，處 罰違約金新352萬8,000元。 ㈡新北市瑞芳地區於109年11、12月間多次豪雨，造成多處土石 坍方，甚至造成山區邊坡滑動，系爭工程於鄰近瑞芳掩埋場 附近部分，亦","管制規定第17點第11款規定處罰上限。系爭工程結算金額僅 136萬7,300元，被告違約金處罰竟達352萬8,000元，為結算 金額之2.58倍，顯然過高，況原告並無違反契約任意棄置營 建廢棄物之故意，相關碎石級配土方之引進實係基於被告及 瑞芳清潔隊之同意，原告更係基於善意協助施作，原告違約 情狀實屬輕"
"needs_manual_review","51","TCHV,106,建上,51,20230614,1","202306","2023","臺灣高等法院臺中分院民事","106","建上","51","20230614","給付工程款","19854","183","202306/臺灣高等法院臺中分院民事/TCHV,106,建上,51,20230614,1.json","02_輸入資料/法律課程資料庫-20260707T080337Z-3-001/法律課程資料庫/依年份分類/202306/臺灣高等法院臺中分院民事/TCHV,106,建上,51,20230614,1.json","ok","1","55","136","14","13","191","14","13","271","逾期違約金;違約金","工期;完工期限;展延;逾期;遲延","民法第252條;相當;酌減;第252條;過高","民法第252條;酌減;第252條;過高","工期;完工期限;展延;逾期;逾期違約金;違約金;遲延","1","1","日起，其餘3,627萬1,786元自105年5月17日起，均至清償日 止，按週年利率百分之5計算之利息。其於本院就請求728萬 6,475元工程款之法定遲延利息部分，減縮自104年12月12日 起算（見本院卷㈣第238頁），核於法並無不合，應予准許， 合先敘明。 乙、實體部分： 壹、上訴人主張：兩造於102年1","835萬1,706元（2億5,567萬8,045× 15%，元以下捨去）。從而，被上訴人辯稱其對上訴人有系 爭違約金債權，應屬可採。 四、系爭違約金債權並無過高，應無酌減之必要： ㈠上訴人主張系爭違約金債權高達3,835萬1,706元，應依民法 第252條規定予以酌減云云，為被上訴人所否認。 ㈡按約定之違約金額過高者，法"
"needs_manual_review","52","KSDV,110,建,48,20230620,1","202306","2023","臺灣高雄地方法院民事","110","建","48","20230620","給付工程款等","37893","136","202306/臺灣高雄地方法院民事/KSDV,110,建,48,20230620,1.json","02_輸入資料/法律課程資料庫-20260707T080337Z-3-001/法律課程資料庫/依年份分類/202306/臺灣高雄地方法院民事/KSDV,110,建,48,20230620,1.json","ok","1","54","92","21","16","146","21","16","252","逾期違約金;違約金","工期;完工期限;展延;逾期;遲延","民法第252條;相當;酌減;第252條;過高","民法第252條;酌減;第252條;過高","工期;完工期限;展延;逾期;逾期違約金;違約金;遲延","1","1","㈠原告起訴時，聲明請求：⑴被告應給付原告新台幣（下同） 1138萬1038元，及自108年11月1日起至清償日止之法定遲 延利息。⑵被告應給予原告展延工期186工作天。⑶確認被 告對原告之債權132萬4000元不存在。嗣於訴狀送達後， 變更聲明僅請求被告給付1136萬9538元，及自108年11月1","告得依民法第179條規 定請求被告返還，縱認被告得沒收履約保證金，因此屬違約 金性質，原告已一部履約，且被告並無具體損失，被告全部 沒收充作違約金顯然過高，應按比例沒收或予以酌減，並將 剩餘部分返還。原告前於108年10月30日向高雄市政府採購 申訴審議委員會申請調解，並於翌日（即31日）將繕本送達 被"
"needs_manual_review","53","TCHV,112,重上更三,10,20230728,1","202307","2023","臺灣高等法院臺中分院民事","112","重上更三","10","20230728","履行契約","12716","6","202307/臺灣高等法院臺中分院民事/TCHV,112,重上更三,10,20230728,1.json","02_輸入資料/法律課程資料庫-20260707T080337Z-3-001/法律課程資料庫/依年份分類/202307/臺灣高等法院臺中分院民事/TCHV,112,重上更三,10,20230728,1.json","ok","1","92","14","35","31","106","35","31","300","逾期違約金;違約金","逾期;遲延","民法第252條;相當;酌減;第252條;過高","民法第252條;酌減;第252條;過高","逾期;逾期違約金;違約金;遲延","1","1","同年7月20日再分別解 除第6、7標項契約，並沒收系爭履約保證金。惟被上訴人沒 收系爭履約保證金，依民法第250條第2項規定，應為損害賠 償總額預定之違約金性質，被上訴人充其量僅受有重新招標 所受損害29萬0304元，卻將系爭履約保證金1700萬元全數沒 收，核屬過高，應酌減至0元。爰依系爭合約第11條、民法","第2項規定，應為損害賠 償總額預定之違約金性質，被上訴人充其量僅受有重新招標 所受損害29萬0304元，卻將系爭履約保證金1700萬元全數沒 收，核屬過高，應酌減至0元。爰依系爭合約第11條、民法 第179條規定，求為命被上訴人給付1700萬及自判決確定之 翌日起算之法定遲延利息（原審駁回上訴人上開請求，上訴"
"needs_manual_review","54","KSHV,109,建上,10,20230823,1","202308","2023","臺灣高等法院高雄分院民事","109","建上","10","20230823","給付工程款","32427","194","202308/臺灣高等法院高雄分院民事/KSHV,109,建上,10,20230823,1.json","02_輸入資料/法律課程資料庫-20260707T080337Z-3-001/法律課程資料庫/依年份分類/202308/臺灣高等法院高雄分院民事/KSHV,109,建上,10,20230823,1.json","ok","1","42","260","4","1","302","4","1","314","逾期違約金;違約金","工期;展延;展期;逾期;遲延","相當;酌減","酌減","工期;展延;展期;逾期;逾期違約金;違約金;遲延","1","1","伊於99年11月24日向養工處承攬施作「台20 線78K+987 建山二橋改建工程」（下稱系爭工程），約定工 程總價為新臺幣（下同）82,850,000元，原定工期為自開工 日起算400日曆天，首日計入（下稱系爭承攬契約）。伊依 約於99年12月27日開工，於101年11月11日申報完工，於102 年8月19日經","期3天為由 ，依系爭承攬契約第10條約定，按下列各階段總價千分之1 逐日計算逾期違約金，合計9,268,283 元（惟兩造就是否逾 期完工、違約金應否酌減仍有爭執）： ⒈第一階段逾期完工扣減違約金8,074,106元（計算式：82,388, 839×0.001×98=8,074,106.2，元以下四捨五入，下同）；"
"needs_manual_review","55","KSDV,110,建,49,20230823,1","202308","2023","臺灣高雄地方法院民事","110","建","49","20230823","返還逾期違約金等","17700","120","202308/臺灣高雄地方法院民事/KSDV,110,建,49,20230823,1.json","02_輸入資料/法律課程資料庫-20260707T080337Z-3-001/法律課程資料庫/依年份分類/202308/臺灣高雄地方法院民事/KSDV,110,建,49,20230823,1.json","ok","1","18","263","2","1","281","2","1","296","逾期違約金;違約金","工期;展延;逾期;遲延","相當;過高","過高","工期;展延;逾期;逾期違約金;違約金;遲延","1","1","返還逾期違約金等 臺灣高雄地方法院民事判決 110年度建字第49號 原 告 常暉營造有限公司 法定代理人 施賢德 原 告 高準科技工程有限公司 法定代","息 ，為有理由，應予准許；逾此部分請求，為無理由，應予駁 回。本件原告勝訴部分，兩造分別陳明願供擔保請准宣告假 執行或免為假執行，核無不合，爰分別酌定相當之擔保金額 ，予以准許。至原告敗訴部分，其假執行之聲請失所附麗， 應予駁回。本件事證已臻明確，兩造其餘主張及陳述、攻擊 防禦方法暨所提證據，經核與判決"
"needs_manual_review","56","TCDV,108,建,142,20230815,1","202308","2023","臺灣臺中地方法院民事","108","建","142","20230815","變更設計展延工期管理費及損害賠償等","11256","87","202308/臺灣臺中地方法院民事/TCDV,108,建,142,20230815,1.json","02_輸入資料/法律課程資料庫-20260707T080337Z-3-001/法律課程資料庫/依年份分類/202308/臺灣臺中地方法院民事/TCDV,108,建,142,20230815,1.json","ok","1","48","181","9","9","229","9","9","285","逾期違約金;違約金","工期;展延;逾期;遲延","民法第252條;酌減;第252條;過高","民法第252條;酌減;第252條;過高","工期;展延;逾期;逾期違約金;違約金;遲延","1","1","變更設計展延工期管理費及損害賠償等 臺灣臺中地方法院民事判決 108年度建字第142號 原 告 彰億營造工程有限公司 法定代理人 許家銘 訴訟代理人 林看","造就取得綠建築證書及 標章工項複價僅編列80,000元，被告卻於結算時逕行主張扣 款147,000元，高於原告可領得之工程款，明顯違反比列原 則，請依民法第252條規定依職權酌減。 ㈣另本件因有非可歸責於原告之展延工期事由，原告自得向被 告請求展延工期衍生之管理費及必要費用13,879,357元（暫 以410天計算）"
"needs_manual_review","57","CYDV,107,建,13,20230921,2","202309","2023","臺灣嘉義地方法院民事","107","建","13","20230921","給付工程款","40855","236","202309/臺灣嘉義地方法院民事/CYDV,107,建,13,20230921,2.json","02_輸入資料/法律課程資料庫-20260707T080337Z-3-001/法律課程資料庫/依年份分類/202309/臺灣嘉義地方法院民事/CYDV,107,建,13,20230921,2.json","ok","1","25","509","8","5","534","8","5","570","逾期違約金;違約金","工期;展延;展期;逾期;遲延","民法第252條;相當;酌減;第252條","民法第252條;酌減;第252條","工期;展延;展期;逾期;逾期違約金;違約金;遲延","1","1","工程」（下稱本件工程），並簽訂工程契約（下稱本件契約 ）。本件工程於102年8月16日開工，預定的竣工日期原為10 4年8月17日。因施工過程中，經被告核准展延如附表一所示 工期共計333天，完工日期延至105年7月15日。原告於106年 3月6日竣工，並經被告在106年9月4日驗收合格。 ㈡、本件工程因有下述非可歸","共計逾期11 9天為由，計罰違約金共1億1,334萬8,403元，並扣抵工程尾 款。但原告既然無逾期情事，被告不應扣罰逾期違約金。縱 認原告有遲延完工，依民法第252條規定，請求酌減違約金 。 ㈤、本件工程原已因附表一所示因素，展延工期共計333天，扣除 其中因颱風天候因素造成展延的22日，加上附表三應再展延 工期"
"needs_manual_review","58","TPHV,109,建上,7,20230913,2","202309","2023","臺灣高等法院民事","109","建上","7","20230913","給付工程款等","28978","121","202309/臺灣高等法院民事/TPHV,109,建上,7,20230913,2.json","02_輸入資料/法律課程資料庫-20260707T080337Z-3-001/法律課程資料庫/依年份分類/202309/臺灣高等法院民事/TPHV,109,建上,7,20230913,2.json","ok","1","49","190","19","17","239","19","17","345","逾期違約金;違約金","工期;展延;逾期;遲延","民法第252條;相當;酌減;第252條;過高","民法第252條;酌減;第252條;過高","工期;展延;逾期;逾期違約金;違約金;遲延","1","1","88元，伊公司應於決標次日起14 日內開工，於開工日起360日曆天竣工，嗣系爭工程經驗收結 算，被上訴人於106年3月13日通知伊公司領取結算款項時，竟 以伊公司逾期690日、所裝設之台電高壓用電設備經列為缺失 而未改善、未依約投保為由，分別自應付予伊公司之價款中扣 減逾期違約金8,795,038元、台電高壓用電設備費用633,69","，及保險費19,482元。惟系爭工程有應展延工期之情事，故伊 公司實際上並未逾期，被上訴人扣減違約金，自屬無據。又縱 認被上訴人扣罰違約金有理由，其扣罰金額亦屬過高，應酌減 為按日以工程結算總金額千分之0.1，或以總工程款千分之0.5 計算。再伊公司係依照被上訴人提供之原設計圖說採購裝設高 壓用電設備，並經被上訴人查驗通過，"
"needs_manual_review","59","TCDV,110,建,69,20230905,1","202309","2023","臺灣臺中地方法院民事","110","建","69","20230905","給付違約金等","13203","78","202309/臺灣臺中地方法院民事/TCDV,110,建,69,20230905,1.json","02_輸入資料/法律課程資料庫-20260707T080337Z-3-001/法律課程資料庫/依年份分類/202309/臺灣臺中地方法院民事/TCDV,110,建,69,20230905,1.json","ok","1","60","55","26","23","115","26","23","262","逾期違約金;違約金","工期;完工期限;展延;逾期;遲延","民法第252條;相當;酌減;第252條;過高","民法第252條;酌減;第252條;過高","工期;完工期限;展延;逾期;逾期違約金;違約金;遲延","1","1","給付違約金等 臺灣臺中地方法院民事判決 110年度建字第69號 原 告 即反訴被告 亞紀有限公司 法定代理人 蔡森富 訴訟代理人 蕭慶鈴律師 被","依本工程總價千分之一計算逾期違約金，換算其年息高達 36.5%，較公共工程委員會工程採購契約範本第17條第4項 違約金以契約價金總額20%為上限，顯然過高，請法院依 民法第252條規定酌減之。 （六）因為違約金債權不發生，原告主張抵銷無理由等語，資為 抗辯。 （七）並聲明：1.原告之訴及假執行之聲請均"
"needs_manual_review","60","TPDV,105,建,330,20231027,2","202310","2023","臺灣臺北地方法院民事","105","建","330","20231027","損害賠償等","37410","292","202310/臺灣臺北地方法院民事/TPDV,105,建,330,20231027,2.json","02_輸入資料/法律課程資料庫-20260707T080337Z-3-001/法律課程資料庫/依年份分類/202310/臺灣臺北地方法院民事/TPDV,105,建,330,20231027,2.json","ok","1","37","323","12","10","360","12","10","424","逾期違約金;違約金","工期;完工期限;展延;逾期;遲延","民法第252條;相當;酌減;第252條;過高","民法第252條;酌減;第252條;過高","工期;完工期限;展延;逾期;逾期違約金;違約金;遲延","1","1","開報酬1719萬6529元，且自被告於104年12月23日終止系 爭契約起至伊於105年8月17日提起本件訴訟止，未逾民法第 514條之1年消滅時效。 ㈢因工期展延額外衍生之營業管理費316萬3751元：依系爭契約 第7條第1項第1款約定，伊應於開工日起330日曆天取得使用 執照，並經過30天之違章查報等待期後，再於3","工程款金額為計算基礎，縱 認原告就正式驗收之複驗所列之13項缺失於交付時尚未全部 改正完妥，然被告實際所受損害顯然甚微，逾期懲罰性違約 金1860萬元過高，而依民法第252條請求酌減。至被告逾時 始提出追加請求原告應給付懲罰性遠約金930萬元而主張求 抵銷云云，係意圖延滯訴訟或出於重大過失，況原告未逾期"
"needs_manual_review","61","TPDV,111,建,72,20231130,1","202311","2023","臺灣臺北地方法院民事","111","建","72","20231130","給付工程款","20060","146","202311/臺灣臺北地方法院民事/TPDV,111,建,72,20231130,1.json","02_輸入資料/法律課程資料庫-20260707T080337Z-3-001/法律課程資料庫/依年份分類/202311/臺灣臺北地方法院民事/TPDV,111,建,72,20231130,1.json","ok","1","70","213","34","29","283","34","29","467","逾期違約金;違約金","工期;展延;逾期;遲延","民法第252條;相當;酌減;第252條;過高","民法第252條;酌減;第252條;過高","工期;展延;逾期;逾期違約金;違約金;遲延","1","1","不得將原訴變更或追加，但基礎事實同 一者，不在此限，民事訴訟法第255條第1項第2款定有明文 。查原告以其向被告承攬之系爭工程（詳下述）有下述之展 延工期事由，經扣除展延工期之天數後，系爭工程並未逾期 完工，系爭契約就鋼筋SD420W有漏項、就「普通模板」有漏 列工資之情形為由，起訴依民法第179條規定請求被告返","2元，依系爭契約 請求SD420W鋼筋漏項差價235萬2,947元、模板工資110萬8,8 00元，並以被告有先行使用部分已完工之工作物為由，請求 依民法第252條酌減違約金（見本院卷㈠第15至17頁），嗣經 多次變更後，最終確認各項請求之請求權基礎如下：㈠返還 扣罰之逾期違約金：先位依系爭契約第3條、民法第179條規"
"needs_manual_review","62","KMDV,110,建,4,20231110,1","202311","2023","福建金門地方法院民事","110","建","4","20231110","給付工程款","27658","221","202311/福建金門地方法院民事/KMDV,110,建,4,20231110,1.json","02_輸入資料/法律課程資料庫-20260707T080337Z-3-001/法律課程資料庫/依年份分類/202311/福建金門地方法院民事/KMDV,110,建,4,20231110,1.json","ok","1","63","65","24","15","128","24","15","236","逾期違約金;違約金","工期;完工期限;展延;逾期;遲延","民法第252條;相當;酌減;第252條;過高","民法第252條;酌減;第252條;過高","工期;完工期限;展延;逾期;逾期違約金;違約金;遲延","1","1","522號、91年度台抗字第4 40號、95年度台上字第1558號裁判意旨參照）。 二、原告起訴請求被告給付積欠工程款，被告於本院審理時提起 反訴，請求原告給付逾期違約金（本院卷一第323頁），經 核反訴與本訴所為防禦方法相牽連，且本件本訴及反訴兩造 所主張之權利，均源於同一承攬法律關係原因事實所生之爭 執，攻擊防禦方","文。所謂請求之基礎事實同一，係指變更或追加之訴與原訴 之原因事實有共同性，先後所為請求之主張在社會生活上可 認有共通性或關連性，而就原請求之訴訟及證據資料於相當 程度範圍內具有同一性或一體性，在審理時得加以利用，俾 先後兩請求可在同一程序得加以解決，避免重複審理，庶能 統一解決紛爭，用符訴訟經濟，且無害於他造"
"needs_manual_review","63","KSDV,106,建,34,20231226,2","202312","2023","臺灣高雄地方法院民事","106","建","34","20231226","給付逾期違約金","67648","313","202312/臺灣高雄地方法院民事/KSDV,106,建,34,20231226,2.json","02_輸入資料/法律課程資料庫-20260707T080337Z-3-001/法律課程資料庫/依年份分類/202312/臺灣高雄地方法院民事/KSDV,106,建,34,20231226,2.json","ok","1","180","613","27","24","793","27","24","950","逾期違約金;違約金","工期;完工期限;展延;逾期;遲延","民法第252條;相當;酌減;第252條;過高","民法第252條;酌減;第252條;過高","工期;完工期限;展延;逾期;逾期違約金;違約金;遲延","1","1","給付逾期違約金 臺灣高雄地方法院民事判決 106年度建字第34號 原 告 高雄市政府捷運工程局 法定代理人 吳義隆 訴訟代理人 吳小燕律師","金應為1億6,278萬9,606元(計算式：128,74 6,347＋34,043,259＝162,789,606元)，對被告實嫌過苛，難 符契約正義，請求予以酌減違約金等語置辯，並聲明：㈠原 告之訴及假執行之聲請均駁回。㈡如受不利判決，願供擔保 ，請准免為假執行之宣告。 ㈡、長鴻公司則以：伊與卡夫公司共同承攬系爭工程，"
"needs_manual_review","64","TCDV,110,建,142,20231222,1","202312","2023","臺灣臺中地方法院民事","110","建","142","20231222","給付工程款","13154","44","202312/臺灣臺中地方法院民事/TCDV,110,建,142,20231222,1.json","02_輸入資料/法律課程資料庫-20260707T080337Z-3-001/法律課程資料庫/依年份分類/202312/臺灣臺中地方法院民事/TCDV,110,建,142,20231222,1.json","ok","1","35","162","31","29","197","31","29","375","逾期違約金;違約金","工期;展延;逾期;遲延","民法第252條;相當;酌減;第252條;過高","民法第252條;酌減;第252條;過高","工期;展延;逾期;逾期違約金;違約金;遲延","1","1","系爭 工程），簽約日期106年5月24日，開工日期106年8月10日， 實際竣工日期108年12月31日，工程驗收合格日期109年3月3 0日，原約定工期365日曆天，開工後展延工期各55日、33日 及7日，展延後工期為460日曆天，扣除不計工期日數356日 ，計實際使用工期518日。被告於結算驗收以逾期58日，","同年6月20日 起至7月10日止及7月15日起至8月1日止，為職安署審查期 間，非可歸責於原告停工，應扣除38天逾期天數。 ㈢縱認原告有遲延完工，依民法第252條規定，請求酌減違約金 。 ㈣因此，依本件契約、民法第505條、第252條等法律關係，請 求被告給付原告422萬6572元本息。並聲明：⑴被告應給付原"
"needs_manual_review","65","TPHV,111,建上,33,20231212,1","202312","2023","臺灣高等法院民事","111","建上","33","20231212","給付工程款","23957","158","202312/臺灣高等法院民事/TPHV,111,建上,33,20231212,1.json","02_輸入資料/法律課程資料庫-20260707T080337Z-3-001/法律課程資料庫/依年份分類/202312/臺灣高等法院民事/TPHV,111,建上,33,20231212,1.json","ok","1","54","224","16","10","278","16","10","350","逾期違約金;違約金","工期;完工期限;展延;逾期;遲延","民法第252條;相當;酌減;第252條;過高","民法第252條;酌減;第252條;過高","工期;完工期限;展延;逾期;逾期違約金;違約金;遲延","1","1","252條 、第490條、第491條、第492條規定，求為命鐵道局給付179 5萬0675元，及自起訴狀繕本送達翌日（即109年12月10日） 起算法定遲延利息之判決（原審判命鐵道局給付日泰公司17 7萬0544元本息，並駁回日泰公司其餘之訴。鐵道局、日泰 公司各自就其敗訴部分，分別提起上訴）。於本院之上訴聲","編號⑨所示加值營業稅，及編號⑩至⑫所示其 他費用，共計新臺幣（下同）1795萬0675元等情，爰依系爭 契約、民法第176條第1項、第179條、第227條之2、第252條 、第490條、第491條、第492條規定，求為命鐵道局給付179 5萬0675元，及自起訴狀繕本送達翌日（即109年12月10日） 起算法定遲延利息"
"needs_manual_review","66","TCDV,111,建,15,20231226,1","202312","2023","臺灣臺中地方法院民事","111","建","15","20231226","給付工程款","21116","192","202312/臺灣臺中地方法院民事/TCDV,111,建,15,20231226,1.json","02_輸入資料/法律課程資料庫-20260707T080337Z-3-001/法律課程資料庫/依年份分類/202312/臺灣臺中地方法院民事/TCDV,111,建,15,20231226,1.json","ok","1","41","98","26","17","139","26","17","259","逾期違約金;違約金","工期;逾期;遲延","民法第252條;相當;酌減;第252條;過高","民法第252條;酌減;第252條;過高","工期;逾期;逾期違約金;違約金;遲延","1","1","稱本件有未施作部分應 予折讓扣款之事實，並不足採。 四、另被告提出工程會議記錄為憑，辯稱原告就承攬「匯幸福AB C區透天區」及「匯幸福大樓區」泥作工程均有遲誤工期之 情事，並主張原告應負遲延工期之違約金應與其應付之工程 款互為抵銷云云。惟原告否認有遲誤工期之情事，自應由被 告就此事實負舉證之責任。且工程會議記錄","1-4樓室內牆面水泥粉光工程工程款511,834元分別作為 計算工區內個別細目工程如有遲延工期之違約金計算基準， 方符事理。 六、當事人約定契約不履行之違約金過高者，法院得依民法第25 2條以職權減至相當之數額，惟是否相當，應依一般客觀事 實，社會經濟狀況及債務人若能如期履行債務，債權人可得 享受之一切利益為酌"
"needs_manual_review","67","TCDV,112,建,3,20240219,2","202402","2024","臺灣臺中地方法院民事","112","建","3","20240219","給付工程款","21643","139","202402/臺灣臺中地方法院民事/TCDV,112,建,3,20240219,2.json","02_輸入資料/法律課程資料庫-20260707T080337Z-3-001/法律課程資料庫/依年份分類/202402/臺灣臺中地方法院民事/TCDV,112,建,3,20240219,2.json","ok","1","82","105","17","12","187","17","12","269","逾期違約金;違約金","工期;完工期限;逾期;遲延","民法第252條;相當;酌減;第252條;過高","民法第252條;酌減;第252條;過高","工期;完工期限;逾期;逾期違約金;違約金;遲延","1","1","訴請求被 告給付第6期、第7期工程款共計新臺幣(下同)181萬5622元 ，被告即反訴原告於民國112年2月13日具狀提起反訴，主張 原告即反訴被告有逾期違約情事，且被告即反訴原告曾於施 工期間為原告即反訴被告代墊為施作工程所必須之相關費用 ，而請求原告即反訴被告給付：1、逾期違約金193萬5235元","中港務 分公司辦理第5期估驗時被暫扣26天逾期違約金162萬1880元 ，因為被告與臺中港務分公司間契約違約金之計算係以「契 約總價」計算，違約金母數過高，為避免因為可歸責於原告 之事由導致被告遭受高額違約金罰款，被告迫不得已，只能 提供對價之方式要求後續施工廠商工班（包含鋼浪板、水電 、油漆、室內輕隔"
"needs_manual_review","68","TNHV,111,重上,118,20240424,1","202404","2024","臺灣高等法院臺南分院民事","111","重上","118","20240424","債務不履行等","18182","12","202404/臺灣高等法院臺南分院民事/TNHV,111,重上,118,20240424,1.json","02_輸入資料/法律課程資料庫-20260707T080337Z-3-001/法律課程資料庫/依年份分類/202404/臺灣高等法院臺南分院民事/TNHV,111,重上,118,20240424,1.json","ok","1","44","78","36","33","122","36","33","326","違約金","工期;展延;展期;逾期;遲延","民法第252條;相當;酌減;第252條;過高","民法第252條;酌減;第252條;過高","工期;展延;展期;逾期;違約金;遲延","1","1","應提出延長之申請，本 件因兩造共同委託之詹益源建築師修正都市審議報書延宕， 致都審會之審議時程逾越「預定第1次建造執照核發日」， 伊曾函請被上訴人同意展延第3期款支付期限至106年4月16 日，未為被上訴人同意，竟於106年4月10日發函終止系爭契 約，沒收伊已給付之第1、2 期款、遲延利息及履約保證金","築師詹益源係兩造共 同委託，被上訴人亦應負監督之責，伊違反系爭契約之情節 應屬輕微，被上訴人上開沒收之2,000萬6,519元係屬懲罰性 違約金，亦應酌減至總價金2%即157萬3,200元計算始為合理 ，被上訴人逾此部分沒收之違約金，應依不當得利之規定返 還。爰依民法第179條、第226條第1項規定、系爭契約第2"
"needs_manual_review","69","TPHV,111,建上,61,20240416,1","202404","2024","臺灣高等法院民事","111","建上","61","20240416","給付工程款等","21019","94","202404/臺灣高等法院民事/TPHV,111,建上,61,20240416,1.json","02_輸入資料/法律課程資料庫-20260707T080337Z-3-001/法律課程資料庫/依年份分類/202404/臺灣高等法院民事/TPHV,111,建上,61,20240416,1.json","ok","1","43","219","2","1","262","2","1","270","逾期違約金;違約金","工期;完工期限;展延;逾期;遲延","相當;過高","過高","工期;完工期限;展延;逾期;逾期違約金;違約金;遲延","1","1","程採購契約（下稱系爭契約）。系爭契約第7條約定應 自開工日起150日曆天內完工，伊申報於105年2月5日開工， 原預定竣工日為105年7月8日，經臺科大先後同意展延工期2 9日、1日、61日，合計91日，預定竣工日展延至105年10月7 日，伊實際於105年12月26日竣工。臺科大驗收結算總價為2 560萬513","日、14日則 有因雨暫停施作土方回填及排水溝路基整理之情事（本院卷 二第229至237頁），105年6月28日下午、6月29日、7月 3日因雨或土壤含水量過高，暫停土方夯實作業（本院卷二 第241、243、245頁），105年8月1日、8月2日、8月11日至 13日、9月3日因雨造成土壤泥濘，暫停景觀工程施工（本院"
"needs_manual_review","70","TCDV,112,重訴,315,20240415,1","202404","2024","臺灣臺中地方法院民事","112","重訴","315","20240415","履行契約等","22410","1","202404/臺灣臺中地方法院民事/TCDV,112,重訴,315,20240415,1.json","02_輸入資料/法律課程資料庫-20260707T080337Z-3-001/法律課程資料庫/依年份分類/202404/臺灣臺中地方法院民事/TCDV,112,重訴,315,20240415,1.json","ok","1","87","26","21","16","113","21","16","219","違約金","逾期;遲延","民法第252條;相當;酌減;第252條;過高","民法第252條;酌減;第252條;過高","逾期;違約金;遲延","1","1","良，而協議内容執行日期為108年4月1日起至108年5月31 日，若未能於該期限内執行完成，視為得標者違約，得標 者除須履行合約精神，如有違約需各付違約金690000元予 原告及陳金良，違約金必須於3天内給付完畢，每逾1天加 計違約金15%至給付完畢為止。 2、詎原告及陳金良均已依系爭契約履行完畢，","1242 元【計算式：0000000×5%×(4+4/12)=0000000；0000000+0 000000=0000000】，故原告請求之違約金並無過高之情。 二、被告方面： (一)兄弟3人於108年3月20日簽署之系爭契約，當事人真意為 「移轉經營權及出資額」，並非分配動產而已。原告主張 該文件"
"needs_manual_review","71","TCDV,112,建,61,20240531,1","202405","2024","臺灣臺中地方法院民事","112","建","61","20240531","給付工程款等","32269","257","202405/臺灣臺中地方法院民事/TCDV,112,建,61,20240531,1.json","02_輸入資料/法律課程資料庫-20260707T080337Z-3-001/法律課程資料庫/依年份分類/202405/臺灣臺中地方法院民事/TCDV,112,建,61,20240531,1.json","ok","1","39","142","18","13","181","18","13","269","逾期違約金;違約金","工期;完工期限;展延;逾期;遲延","民法第252條;相當;酌減;第252條;過高","民法第252條;酌減;第252條;過高","工期;完工期限;展延;逾期;逾期違約金;違約金;遲延","1","1","係請求被告返還。 （一）依系爭合約第8條約定，被告待工程驗收合格前，僅得保 留10%作為完工後驗收及合格前之保留款項，惟被告於完 工前從未表示本工程有逾期之情形，亦未向原告要求提供 逾期資料向業主請求延展工期，原告按被告要求施工，被 告卻無故拖延應給付之工程款，被告先誆稱牆面噴漆導致 污損要","里郵局存證號碼548號存 證信函向被告請求給付工程款，被告卻於112年1月6日以 律師函回稱原告有逾期與瑕疵未修補等情，而有惡意剋扣 顯不相當之工程餘款，致原告蒙受巨大損害。基此，原告 爰依民法第490條第1項、第496條、第505條第1項、第2項 、第179條第1項前段等規定，請求被告給付工"
"needs_manual_review","72","PCDV,109,建,4,20240524,1","202405","2024","臺灣新北地方法院民事","109","建","4","20240524","給付工程款","29231","221","202405/臺灣新北地方法院民事/PCDV,109,建,4,20240524,1.json","02_輸入資料/法律課程資料庫-20260707T080337Z-3-001/法律課程資料庫/依年份分類/202405/臺灣新北地方法院民事/PCDV,109,建,4,20240524,1.json","ok","1","32","180","7","3","212","7","3","238","逾期違約金;違約金","工期;展延;展期;逾期;遲延","相當;酌減;過高","酌減;過高","工期;展延;展期;逾期;逾期違約金;違約金;遲延","1","1","；又系爭工程之全部工項原定於105年8月7日前完成，茲因 被告為配合業主法務部廉政署辦理變更設計，經系爭工程主 辦機關交通部臺灣區國道新建工程局核定工期展延至105年1 0月25日，致原告須額外支出人力調度及新增設備等費用， 嗣經兩造於105年12月30日簽訂工程結算書，被告始同意將 原契約總價追加為","逾期罰款甚至高於系爭契約之承包總價。退 萬步言之，縱認原告有逾期之事實，系爭契約所約定之罰則 亦顯失公平，被告所受損失遠不及其主張違約金之1%，應予 酌減為宜。 ㈩並聲明： ⒈被告應給付原告15,387,856元，暨自起訴狀繕本送達翌日起 ，按年息5%計算之利息。 ⒉訴訟費用由被告負擔。 ⒊原告願供"
"needs_manual_review","73","CYDV,111,建,2,20240607,3","202406","2024","臺灣嘉義地方法院民事","111","建","2","20240607","給付工程違約金","24532","321","202406/臺灣嘉義地方法院民事/CYDV,111,建,2,20240607,3.json","02_輸入資料/法律課程資料庫-20260707T080337Z-3-001/法律課程資料庫/依年份分類/202406/臺灣嘉義地方法院民事/CYDV,111,建,2,20240607,3.json","ok","1","58","63","59","48","121","59","48","434","逾期違約金;違約金","工期;完工期限;逾期;遲延","民法第252條;相當;酌減;第252條;過高","民法第252條;酌減;第252條;過高","工期;完工期限;逾期;逾期違約金;違約金;遲延","1","1","給付工程違約金 臺灣嘉義地方法院民事判決 111年度建字第2號 原 告 黃明專 住○○○○○區○○路000號1樓 訴訟代理人 郭展瑋律師 被 告 黃舜宗即","定材料，被告當然不敢貿然買進，也就無法繼 續施作系爭工程，被告所述並無矛盾。 八、退步言之，倘鈞院認原告得向被告請求違約金(假設語，被 告仍否認之)，請求予以酌減： (一)按「約定之違約金額過高者，法院得減至相當之數額」民法 第252條訂有明文。至於是否相當，須依一般客觀事實、社 會經濟狀況及當事人所受損害情形，以為斟"
"needs_manual_review","74","SLDV,112,建,32,20240626,1","202406","2024","臺灣士林地方法院民事","112","建","32","20240626","返還不當得利等","11754","57","202406/臺灣士林地方法院民事/SLDV,112,建,32,20240626,1.json","02_輸入資料/法律課程資料庫-20260707T080337Z-3-001/法律課程資料庫/依年份分類/202406/臺灣士林地方法院民事/SLDV,112,建,32,20240626,1.json","ok","1","48","147","26","24","195","26","24","343","逾期違約金;違約金","工期;展延;展期;逾期;遲延","民法第252條;相當;酌減;第252條;過高","民法第252條;酌減;第252條;過高","工期;展延;展期;逾期;逾期違約金;違約金;遲延","1","1","：「部分依 契約價金總額結算，部分依實際施作或供應之項目及數量結 算。」履約期限於第7條第1款第1目約定：「工程之施工： 應於機關通知日起10日內起算工期，並於開工之日起400日 內竣工。…本工程係以日曆天計算工期。」遲延履約於第18 條第1款約定：「逾期違約金，以日為單位，不扣除任何期 日，廠商如未依","兩造原約定工期近3倍，加以全球COVID-19疫情造成之影響 ，原告於工期延長期間自行承擔管理費用，自應於逾期違約 金計罰時，納入兩造損益為考量進行酌減，故被告依系爭契 約第18條第1、3款約定扣減原告逾期違約金，實屬過高，依 民法第252條規定，應予酌減，並依民法第179條規定，請求 被告返還原告6"
"needs_manual_review","75","ILDV,112,建,5,20240605,1","202406","2024","臺灣宜蘭地方法院民事","112","建","5","20240605","返還違約金","7953","64","202406/臺灣宜蘭地方法院民事/ILDV,112,建,5,20240605,1.json","02_輸入資料/法律課程資料庫-20260707T080337Z-3-001/法律課程資料庫/依年份分類/202406/臺灣宜蘭地方法院民事/ILDV,112,建,5,20240605,1.json","ok","1","52","48","29","25","100","29","25","261","逾期違約金;違約金","工期;展延;逾期;遲延","民法第252條;相當;酌減;第252條;過高","民法第252條;酌減;第252條;過高","工期;展延;逾期;逾期違約金;違約金;遲延","1","1","返還違約金 臺灣宜蘭地方法院民事判決 112年度建字第5號 原 告 璉嶸營造有限公司 法定代理人 陳登泉 訴訟代理人 高素真律師 被 告 交通部","日中午12時，被告並按逾期日數，每日依契約價金總額1‰計 算，對原告計罰違約金3,452萬7,978元，並自應給付之工程 款中扣抵，惟原告認為計罰之逾期違約金過高，於112年6月 15日函請被告酌減違約金，被告於同年月16日收受後並無回 應。 ㈢原告雖因故未能如期完成系爭工程，惟原告早於109年10月7 日"
"needs_manual_review","76","TCDV,109,建,56,20240607,1","202406","2024","臺灣臺中地方法院民事","109","建","56","20240607","給付工程款等","48956","249","202406/臺灣臺中地方法院民事/TCDV,109,建,56,20240607,1.json","02_輸入資料/法律課程資料庫-20260707T080337Z-3-001/法律課程資料庫/依年份分類/202406/臺灣臺中地方法院民事/TCDV,109,建,56,20240607,1.json","ok","1","15","220","7","3","235","7","3","261","逾期違約金;違約金","工期;完工期限;展延;逾期;遲延","相當;過高","過高","工期;完工期限;展延;逾期;逾期違約金;違約金;遲延","1","1","民法第490條、第491條之規定， 及系爭契約第四條第㈡項之約定，請求被告給付變更工程款2 9,490,369元。 二、原告雖未於系爭契約原訂履約期限完工，然工期應予延展， 且遲延履約之情事不可歸責於原告，故被告應給付延長工期 所生之成本，亦不得扣除違約金： ㈠依系爭契約第七條第㈢項約定，若因辦理契約變更或增加履約","污 水場根本無法全面試車，是並未影響工程要徑之期程，原告 主張工期展延並無理由。另被告亦否認有該工項之施作，自 無展延之必要。且原告所主張之42日亦屬過高。 ㈣系爭契約第七條第㈡項約定就履約標的項目或數量增加時應增 加履約期限75日部分，系爭鑑定並未考量原告於105年3月28 日前後係處於進度嚴重落後狀態達"
"needs_manual_review","77","TNHV,111,建上更一,2,20240731,2","202407","2024","臺灣高等法院臺南分院民事","111","建上更一","2","20240731","給付工程款","16123","73","202407/臺灣高等法院臺南分院民事/TNHV,111,建上更一,2,20240731,2.json","02_輸入資料/法律課程資料庫-20260707T080337Z-3-001/法律課程資料庫/依年份分類/202407/臺灣高等法院臺南分院民事/TNHV,111,建上更一,2,20240731,2.json","ok","1","54","89","17","15","143","17","15","237","逾期違約金;違約金","工期;完工期限;展延;逾期;遲延","民法第252條;相當;酌減;第252條;過高","民法第252條;酌減;第252條;過高","工期;完工期限;展延;逾期;逾期違約金;違約金;遲延","1","1","國仲裁協會（下稱仲裁協會）請求仲裁，仲裁協會於104年1 月30日作成仲裁判斷（下稱系爭仲裁判斷），就101年間坍 滑部分命高公局賠付部分修繕費用，及准為展延工期至100 年12月10日。系爭工程復於102年5月至8、9月間發生坍滑（ 下稱102年間坍滑），兩造即於102年11月21日合意終止契約 ，然高公","幣（下同）408萬6,012元、2.除原審判命高公局返還罰款12 4萬8,468元確定部分外，應再返還逾期罰款287萬5,607元， 如無理由，則依民法第252條規定請求酌減違約金、3.履約 保證金自104年1月29日起至同年5月7日結算日止共98日之法 定遲延利息，除原審判命高公局應返還1萬6,202元部分外，"
"needs_manual_review","78","TPHV,110,重上更一,166,20240730,1","202407","2024","臺灣高等法院民事","110","重上更一","166","20240730","給付工程款","31725","134","202407/臺灣高等法院民事/TPHV,110,重上更一,166,20240730,1.json","02_輸入資料/法律課程資料庫-20260707T080337Z-3-001/法律課程資料庫/依年份分類/202407/臺灣高等法院民事/TPHV,110,重上更一,166,20240730,1.json","ok","1","61","64","20","14","125","20","14","221","逾期違約金;違約金","工期;逾期;遲延","民法第252條;相當;酌減;第252條;過高","民法第252條;酌減;第252條;過高","工期;逾期;逾期違約金;違約金;遲延","1","1","主 文 原判決除確定部分外關於㈠命上訴人給付逾新臺幣壹佰柒拾貳萬 參仟玖佰捌拾柒元，及其中新臺幣壹拾伍萬陸仟柒佰貳拾陸元， 自民國一０五年十二月二十三日起加計法定遲延利息部分，及該 部分假執行之宣告，㈡駁回被上訴人後開第三項之訴部分，暨訴 訟費用之裁判（除確定及減縮部分外）均廢棄。 上開廢棄㈠部分，被上訴人在第一審之訴及假執行之聲請均駁回","上訴人請求之系爭追加工程款，並非原合約工 項之工程款，應無系爭契約第28條第9項約定違約金之適用， 且兩造就系爭追加工程之價格遲遲未能達成協議，係因被上訴 人報價過高所致，非可歸責於伊，被上訴人不得請求違約金； 縱伊需給付違約金，應以146萬3,906元之10%為上限，且因違 約金為損害賠償預定之總額，被上訴人亦不得再另外請求遲延"
"needs_manual_review","79","TCHV,112,建上,55,20240918,1","202409","2024","臺灣高等法院臺中分院民事","112","建上","55","20240918","變更設計展延工期管理費及損害賠償等","13289","142","202409/臺灣高等法院臺中分院民事/TCHV,112,建上,55,20240918,1.json","02_輸入資料/法律課程資料庫-20260707T080337Z-3-001/法律課程資料庫/依年份分類/202409/臺灣高等法院臺中分院民事/TCHV,112,建上,55,20240918,1.json","ok","1","98","97","28","27","195","28","27","361","逾期違約金;違約金","工期;展延;逾期;遲延","民法第252條;相當;酌減;第252條;過高","民法第252條;酌減;第252條;過高","工期;展延;逾期;逾期違約金;違約金;遲延","1","1","變更設計展延工期管理費及損害賠償等 臺灣高等法院臺中分院民事判決 112年度建上字第55號 上 訴 人 彰億營造工程有限公司 法定代理人 許家銘 訴訟代理人","承擔，顯失公平，並有違誠信。再被上訴人之營收損失應扣 除相關成本之淨利計算。系爭契約有關逾期違約金之數額， 雖已定有工程結算總價20%之上限，但衡諸上情，仍屬過高 ，應按工程結算總價10%計算即2267萬2761元，始為合理。 爰依民法第179條規定，請求被上訴人返還不當扣款之違約 金2267萬2761元。"
"needs_manual_review","80","TPDV,112,建,171,20240913,2","202409","2024","臺灣臺北地方法院民事","112","建","171","20240913","給付工程違約金","20706","236","202409/臺灣臺北地方法院民事/TPDV,112,建,171,20240913,2.json","02_輸入資料/法律課程資料庫-20260707T080337Z-3-001/法律課程資料庫/依年份分類/202409/臺灣臺北地方法院民事/TPDV,112,建,171,20240913,2.json","ok","1","62","144","18","16","206","18","16","309","逾期違約金;違約金","工期;展延;逾期;遲延","民法第252條;相當;酌減;第252條;過高","民法第252條;酌減;第252條;過高","工期;展延;逾期;逾期違約金;違約金;遲延","1","1","給付工程違約金 臺灣臺北地方法院民事判決 112年度建字第171號 原 告 即反訴被告 福長製鎖有限公司 法定代理人 彭福長 訴訟代理人 顏世翠律師 複代","損害賠償 總額預定性違約金，原告未因申請使用執照掛件遲延而受有 損害，應不能請求被告賠償逾期違約金。縱原告卻因使照掛 件遲延而受有損害，然該違約金實有過高，應得按民法第25 2條規定予以酌減。 ㈣聲明為： 1.原告之訴及假執行之聲請均駁回。 2.如受不利判決，請准擔保免為假執行。 三、被告笙源公司則以："
"needs_manual_review","81","TPDV,107,建,240,20240913,1","202409","2024","臺灣臺北地方法院民事","107","建","240","20240913","給付工程款","27067","229","202409/臺灣臺北地方法院民事/TPDV,107,建,240,20240913,1.json","02_輸入資料/法律課程資料庫-20260707T080337Z-3-001/法律課程資料庫/依年份分類/202409/臺灣臺北地方法院民事/TPDV,107,建,240,20240913,1.json","ok","1","58","200","9","4","258","9","4","292","逾期違約金;違約金","工期;完工期限;展延;逾期;遲延","相當;過高","過高","工期;完工期限;展延;逾期;逾期違約金;違約金;遲延","1","1","求給付工程款剩餘尾 款以及追加款共計新臺幣（下同）113萬5604元，並依系爭 契約第16條第2項請求自106年12月20日起算按日給付3408元 之違約金，聲明請求：「㈠被告應給付原113萬5604元，及自 起訴狀繕本送達翌日起至清償日止，按年息5％計算之利息， 並自106年12月20日起算至清償日止，按日給付3","。 ⒉不完全給付損害賠償6萬5910元： ⑴SGS驗屋費用3萬9700元：伊於初驗時，告知原告工程有瑕疵 ，然遭原告否認，且追加工程單價未經議定，部分單價過高 。伊僅得委請SGS公司辦理驗屋，驗屋當天，原告在場會同 ，亦在SGS「房屋查證服務簽收單」上簽名，支出驗屋費用3 萬9700元，爰依民法第227條第"
"needs_manual_review","82","TPDV,112,建,47,20240906,1","202409","2024","臺灣臺北地方法院民事","112","建","47","20240906","損害賠償等","18785","79","202409/臺灣臺北地方法院民事/TPDV,112,建,47,20240906,1.json","02_輸入資料/法律課程資料庫-20260707T080337Z-3-001/法律課程資料庫/依年份分類/202409/臺灣臺北地方法院民事/TPDV,112,建,47,20240906,1.json","ok","1","56","95","26","22","151","26","22","291","逾期違約金;違約金","工期;完工期限;逾期;遲延","民法第252條;相當;酌減;第252條;過高","民法第252條;酌減;第252條;過高","工期;完工期限;逾期;逾期違約金;違約金;遲延","1","1","告簽立工程承攬合約書（下稱系爭 契約），其第31條合意以本院為第一審管轄法院（見本院卷 ㈠第46頁）；嗣後並於110年5月11日將系爭契約因被告給付 遲延所生相關債權均讓與原告。原告於本件基於前揭自長泰 金公司受讓所得債權以及自身與被告之約定為請求（請求權 詳見附表「原告主張」、「請求權」欄位），依上開民事訴","，系爭切結書並未有如系爭契約第27 條第2項設有違約金計罰上限之約定，衡諸兩造利益、原告 所受損害程度等因素，原告請求之違約金數額顯屬過苛，爰 請求依民法第252條規定酌減其數額。 ㈢時效抗辯：附表一所示原告主張之請求權，均應適用民法第5 14條第1項的1年短期時效，各項請求已經一部或全部罹於時 效。 三、兩造不爭執"
"needs_manual_review","83","SLDV,112,建,44,20240924,1","202409","2024","臺灣士林地方法院民事","112","建","44","20240924","給付工程款","15225","87","202409/臺灣士林地方法院民事/SLDV,112,建,44,20240924,1.json","02_輸入資料/法律課程資料庫-20260707T080337Z-3-001/法律課程資料庫/依年份分類/202409/臺灣士林地方法院民事/SLDV,112,建,44,20240924,1.json","ok","1","28","180","13","8","208","13","8","266","逾期違約金;違約金","工期;展延;逾期;遲延","相當;酌減;第252條;過高","酌減;第252條;過高","工期;展延;逾期;逾期違約金;違約金;遲延","1","1","告承攬被告之汀洲院 區内視鏡及神經科部檢查室整修工程（下稱系爭工程），契 約總價為25,299,999元。原告於111年2月12日開工。系爭工 程原定工期為開工日起算170日曆天，預定竣工日為111年7 月31日，後於111年10月14日完工，並於111年12月25日驗收 合格。被告以原告逾期完工44日為由，扣款","項第5款及第13款，原告就不可歸責原告之事由得以申請展 延，原告並未逾期完工，被告扣款並無法律上原因，應返還 不當得利。縱認被告得主張逾期違約金，本件違約金應酌減 至0元。另系爭工程既已完工並已驗收，被告即應依民法第4 90條及系爭契約第5條第1項第3款給付前述金額之報酬。另 外，系爭工程因不可歸責於原告之事由"
"needs_manual_review","84","TCHV,112,建上更一,36,20240925,1","202409","2024","臺灣高等法院臺中分院民事","112","建上更一","36","20240925","給付工程款","15272","151","202409/臺灣高等法院臺中分院民事/TCHV,112,建上更一,36,20240925,1.json","02_輸入資料/法律課程資料庫-20260707T080337Z-3-001/法律課程資料庫/依年份分類/202409/臺灣高等法院臺中分院民事/TCHV,112,建上更一,36,20240925,1.json","ok","1","16","174","6","4","190","6","4","218","逾期違約金;違約金","工期;展延;逾期","相當;過高","過高","工期;展延;逾期;逾期違約金;違約金","1","1","一、上訴人主張：兩造於民國99年12月17日簽訂「○○厝蓄洪池抽 水站新建工程併辦土石標售案」（下稱系爭工程）之工程契 約書，約定開工日為99年12月28日，工期為360個日曆天， 預定竣工日為100年12月26日，嗣因變更設計，工程款增加 至新臺幣（下同）60,086,340元，扣除被上訴人已給付及經 法院判","無法施工，仍應有符合系爭注意事項附表一之情形，方 得申請展延工期。系爭注意事項附表一第17點規定「填 方工程因雨受濕致含水量過高，須翻曬風乾或土方置換 者」，可知依該點規定申請展延工期以「填方工程」為 限。稽之系爭工程監造單位所提審查分析說明：「查本 工"
"needs_manual_review","85","TCDV,111,建,99,20241025,1","202410","2024","臺灣臺中地方法院民事","111","建","99","20241025","給付工程款等","10503","66","202410/臺灣臺中地方法院民事/TCDV,111,建,99,20241025,1.json","02_輸入資料/法律課程資料庫-20260707T080337Z-3-001/法律課程資料庫/依年份分類/202410/臺灣臺中地方法院民事/TCDV,111,建,99,20241025,1.json","ok","1","33","141","22","18","174","22","18","290","逾期違約金;違約金","工期;展延;展期;逾期;遲延","相當;酌減;第252條;過高","酌減;第252條;過高","工期;展延;展期;逾期;逾期違約金;違約金;遲延","1","1","依承攬契約之約定請求被告給付新臺幣（下同）616萬元及 利息。嗣於本院民國111年8月31日準備程序期日提出書狀追 加依不當得利返還請求權請求被告給付酌減後之違約金，被 告就原告前開追加無異議，而為本案之言詞辯論，依法既應 視為同意追加，合於上揭規定，應予准許。 貳、實體方面： 一、原告主張：兩造於108年1月30日簽","依承攬契約之約定請求被告給付新臺幣（下同）616萬元及 利息。嗣於本院民國111年8月31日準備程序期日提出書狀追 加依不當得利返還請求權請求被告給付酌減後之違約金，被 告就原告前開追加無異議，而為本案之言詞辯論，依法既應 視為同意追加，合於上揭規定，應予准許。 貳、實體方面： 一、原告主張：兩造於108年1"
"needs_manual_review","86","CYDV,109,建,13,20241118,6","202411","2024","臺灣嘉義地方法院民事","109","建","13","20241118","給付工程款","62995","382","202411/臺灣嘉義地方法院民事/CYDV,109,建,13,20241118,6.json","02_輸入資料/法律課程資料庫-20260707T080337Z-3-001/法律課程資料庫/依年份分類/202411/臺灣嘉義地方法院民事/CYDV,109,建,13,20241118,6.json","ok","1","52","188","12","4","240","12","4","280","逾期違約金;違約金","工期;展延;逾期;遲延","民法第252條;相當;第252條;過高","民法第252條;第252條;過高","工期;展延;逾期;逾期違約金;違約金;遲延","1","1","(定作人)。 (一)系爭工程時程： 原告依系爭契約第5條規定，準時於105年7月1日開工，惟嗣 後被告多次要求修改、變更及追加工程設計，致工程進度有 所遲延。 (二)兩造就工程款給付之約定： １、依系爭契約第6條第3項： 各階段工程款：工程進行中各階段工程款之請領依合約附件 「階段付款明細表」所載，於工程階段完成時","理由展延工期。因此，反訴被告泰亞營造股份有限公司遲於 109年2月17日始取得使用執照，應認為是可歸責於反訴被告 泰亞營造股份有限公司。 (三)另查，民法第252條規定：「約定之違約金額過高者，法院 得減至相當之數額」。而查，本件兩造於105年5月30日簽訂 「沛鑫大浦美辦公樓及廠房新建工程」之合約書，於第23條"
"needs_manual_review","87","TCHV,111,建上,84,20241210,1","202412","2024","臺灣高等法院臺中分院民事","111","建上","84","20241210","損害賠償等","35721","115","202412/臺灣高等法院臺中分院民事/TCHV,111,建上,84,20241210,1.json","02_輸入資料/法律課程資料庫-20260707T080337Z-3-001/法律課程資料庫/依年份分類/202412/臺灣高等法院臺中分院民事/TCHV,111,建上,84,20241210,1.json","ok","1","101","65","26","21","166","26","21","302","逾期違約金;違約金","逾期;遲延","民法第252條;相當;酌減;第252條;過高","民法第252條;酌減;第252條;過高","逾期;逾期違約金;違約金;遲延","1","1","定請求上 訴人賠償。 (三)又上訴人遲未提送鋼構數量計算書及X橋之改善及補強計畫 ，依系爭契約第13條第1項約定「每日依契約價金總額千分 之一」計算逾期違約金，並依同條第3項約定以「契約價金 總額之百分之二十為上限」，而因上訴人逾期日數已逾違約 金計算上限200日（20%1‰＝200），是以，伊亦得依系爭契","第13條第1項規定，請求上訴人給付逾期違 約金906,600元（計算式：決標金額4,553,000元×20%＝906,0 00元），且因上訴人違約情節重大，並無過高酌減之問題。 (四)承上，伊得請求上訴人給付共14,876,440元，經與上訴人依 約所得請求應付未付之服務費用1,906,335元為抵銷後，上 訴人應給付伊"
"needs_manual_review","88","SCDV,113,建,6,20241231,1","202412","2024","臺灣新竹地方法院民事","113","建","6","20241231","給付工程款","8538","78","202412/臺灣新竹地方法院民事/SCDV,113,建,6,20241231,1.json","02_輸入資料/法律課程資料庫-20260707T080337Z-3-001/法律課程資料庫/依年份分類/202412/臺灣新竹地方法院民事/SCDV,113,建,6,20241231,1.json","ok","1","51","86","24","20","137","24","20","265","逾期違約金;違約金","工期;展延;逾期;遲延","相當;酌減;第252條;過高","酌減;第252條;過高","工期;展延;逾期;逾期違約金;違約金;遲延","1","1","訴訟經濟者即屬之 （最高法院96年台上第471號民事判決要旨參照）。原告起 訴時原主張請求權基礎為兩造簽訂之工程契約，並請求依民 法第252條規定酌減違約金。嗣於民國113年10月9日追加民 法第251條規定為請求權基礎（見本院卷第253頁），核原告 前開所為訴之變更，請求之基礎事實同一，合於前揭規定，","基礎事實同一」，係指變更或追 加之訴與原訴之原因事實有其共同性，先後所為請求之主張 在社會生活上可認為有共通性或關連性，而就原請求之訴訟 及證據資料於相當程度範圍內具有同一性或一體性，在審理 時得加以利用，俾先後兩請求可在同一程序得加以解決，以 避免重複審理，庶能統一解決紛爭，用符訴訟經濟者即屬之 （最"
"needs_manual_review","89","TCDV,112,建,14,20250122,1","202501","2025","臺灣臺中地方法院民事","112","建","14","20250122","請求工程款","34579","184","202501/臺灣臺中地方法院民事/TCDV,112,建,14,20250122,1.json","02_輸入資料/法律課程資料庫-20260707T080337Z-3-001/法律課程資料庫/依年份分類/202501/臺灣臺中地方法院民事/TCDV,112,建,14,20250122,1.json","ok","1","87","232","34","30","319","34","30","507","逾期違約金;違約金","工期;展延;逾期;遲延","民法第252條;相當;酌減;第252條;過高","民法第252條;酌減;第252條;過高","工期;展延;逾期;逾期違約金;違約金;遲延","1","1","暨委託代 操作維護」工程（下稱系爭工程），兩造於民國104年11月1 9日簽訂採購契約（下稱系爭契約），系爭契約原履約期限 為104年11月20日起算工期870日曆天，原竣工日期為107年5 月22日，然系爭工程因例如一例一休、整地排水計畫審查遲 延、天候問題、風力大於6級、地質問題、水平鑽掘施工（ 海","881元×20％ ，未滿元部分四捨五入），而自應給付原告工程款中逕扣除 115,867,576元。惟上開逾期違約金額有所違誤，應依系爭 契約條款或依法酌減，即按原告於109年1月18日未完工比例 3.78％每日3‰計罰65,697元（計算式：579,337,881元×3.78％ ×3‰，未滿元部分四捨五入)，並扣"
"needs_manual_review","90","TNHV,112,建上,25,20250213,1","202502","2025","臺灣高等法院臺南分院民事","112","建上","25","20250213","給付工程款","30650","213","202502/臺灣高等法院臺南分院民事/TNHV,112,建上,25,20250213,1.json","02_輸入資料/法律課程資料庫-20260707T080337Z-3-001/法律課程資料庫/依年份分類/202502/臺灣高等法院臺南分院民事/TNHV,112,建上,25,20250213,1.json","ok","1","19","327","5","3","346","5","3","368","逾期違約金;違約金","工期;展延;展期;逾期;遲延","民法第252條;相當;酌減;第252條","民法第252條;酌減;第252條","工期;展延;展期;逾期;逾期違約金;違約金;遲延","1","1","稱 系爭工程），並簽訂工程契約（下稱系爭契約）。系爭工程 於102年8月16日開工，預定竣工日期原為104年8月17日。因 施工過程中，經新工分局核准展延如原判決附表一（下稱附 表一）所示工期共計333天，完工日期延至105年7月15日。 伊於106年3月6日竣工，並經新工分局於106年9月4日驗收合","為由，計罰違約金共1億 1,334萬8,403元，並以此數額扣抵工程尾款。伊既無逾期情 事，新工分局不應扣罰逾期違約金，縱認伊有遲延完工，亦 請鈞院依民法第252條之規定，酌減違約金。 ㈡系爭工程原已因附表一所示因素，展延工期共計333天，扣除 其中次序1-3、6因颱風天候因素造成展延的22天（按：次序 1-3、6原合"
"needs_manual_review","91","KSHV,112,建上,5,20250226,2","202502","2025","臺灣高等法院高雄分院民事","112","建上","5","20250226","給付工程款","26301","162","202502/臺灣高等法院高雄分院民事/KSHV,112,建上,5,20250226,2.json","02_輸入資料/法律課程資料庫-20260707T080337Z-3-001/法律課程資料庫/依年份分類/202502/臺灣高等法院高雄分院民事/KSHV,112,建上,5,20250226,2.json","ok","1","5","244","17","16","249","17","16","347","逾期違約金;違約金","工期;展延;逾期;遲延","民法第252條;相當;酌減;第252條;過高","民法第252條;酌減;第252條;過高","工期;展延;逾期;逾期違約金;違約金;遲延","1","1","攬新工 處之「海洋文化及流行音樂中心（高雄港第13號至第15號 碼頭區域）新建工程」（下稱系爭工程）。 ⒉⑴系爭工程於103年3月20日開工，原訂工期為540日（以下 工期日數均指日曆天），嗣因有如附表一所示之事由， 工期應展延為899日，則伊於105年8月21日申報竣工，","粉刷工項逾期完工26日為由，對伊計收逾期罰款，而 拒絕給付工程款餘額新台幣（下同）84,649,525元予伊。 縱認新工處得請求賠償逾期罰款，其金額亦屬過高，應依 民法第252條規定予以酌減。是以，伊得依系爭契約，請 求新工處加計法定遲延利息給付84,649,525元。 ㈡系爭工程既有如附表一所示之展延"
"needs_manual_review","92","KSDV,112,訴,602,20250227,1","202502","2025","臺灣高雄地方法院民事","112","訴","602","20250227","給付承攬報酬","20639","25","202502/臺灣高雄地方法院民事/KSDV,112,訴,602,20250227,1.json","02_輸入資料/法律課程資料庫-20260707T080337Z-3-001/法律課程資料庫/依年份分類/202502/臺灣高雄地方法院民事/KSDV,112,訴,602,20250227,1.json","ok","1","113","56","25","19","169","25","19","295","逾期違約金;違約金","逾期;遲延","民法第252條;相當;酌減;第252條;過高","民法第252條;酌減;第252條;過高","逾期;逾期違約金;違約金;遲延","1","1","還系爭定存單予原告，原告亦得依系爭契約第14條第2 項， 請求被告返還系爭定存單。 ㈡被告固辯稱因原告就附表所示之設備故障（下稱系爭設備故 障），有遲延修繕情形，違反系爭契約第2條第5項「維護保 養」期間第5款第2點之故障限期維修義務，得依系爭補充備 忘錄第5條，請求原告給付逾期違約金988萬8000元，並主張","約金，原告在系爭設備故障後，為避免影響 師生權益，已採取手動啟停等必要替代措施，維持設備功能 正常運作，並未造成被告實際損害，故該條約定之違約金顯 然過高，應予酌減。縱認不應酌減，仍應有系爭契約第18條 第3項違約金上限約定之適用，即最高僅得請求尚未給付之 第5、6期款總金額之20﹪即79萬5000元（計算式：3"
"needs_manual_review","93","KMHV,110,重上,3,20250221,2","202502","2025","福建高等法院金門分院民事","110","重上","3","20250221","給付工程款","19569","49","202502/福建高等法院金門分院民事/KMHV,110,重上,3,20250221,2.json","02_輸入資料/法律課程資料庫-20260707T080337Z-3-001/法律課程資料庫/依年份分類/202502/福建高等法院金門分院民事/KMHV,110,重上,3,20250221,2.json","ok","1","44","106","26","21","150","26","21","286","逾期違約金;違約金","工期;完工期限;展延;逾期;遲延","相當;酌減;過高","酌減;過高","工期;完工期限;展延;逾期;逾期違約金;違約金;遲延","1","1","艘」造船統包工程案採購契約(下稱系爭契約)，約定連 江縣政府向伊採購新台馬輪1艘（下稱系爭船舶)，總價13億 2700萬元，簽約次日起900個日曆天內完工，其後展延工期 共233.5日，履約期限至103年9月8日止。伊於104年7月21日 完工，連江縣政府以超過工期316日為由，計算逾期違約金 2億6540萬元","約金應為2億1895萬5000元，連江縣政府溢扣工 程款4644萬5000元。況前開逾期違約金為損害賠償總額預定 性質，連江縣政府如無損害，不得請求，且其金額亦過高， 依法應酌減。另伊於104年7月31日完成交船，經命名為「臺 馬之星」，由參加人連江航業公司受連江縣政府委託負責經 營，參加人新華公司負責船務、營運"
"needs_manual_review","94","CYDV,110,建,34,20250317,1","202503","2025","臺灣嘉義地方法院民事","110","建","34","20250317","給付工程款","45150","495","202503/臺灣嘉義地方法院民事/CYDV,110,建,34,20250317,1.json","02_輸入資料/法律課程資料庫-20260707T080337Z-3-001/法律課程資料庫/依年份分類/202503/臺灣嘉義地方法院民事/CYDV,110,建,34,20250317,1.json","ok","1","96","148","17","14","244","17","14","334","逾期違約金;違約金","工期;完工期限;展延;逾期;遲延","民法第252條;相當;酌減;第252條;過高","民法第252條;酌減;第252條;過高","工期;完工期限;展延;逾期;逾期違約金;違約金;遲延","1","1","認，原告同意以被告主張其已給付1,078,000元為計，被告 尚積欠工程款1,302,880元。至於第四期請款單，因原告未 同意請款單記載之計算之數量，以及違約金、逾期罰金部分 等計價方式，並非原告未攜帶發票而未領款。 ⒉系爭店鋪工程部分：此部分原告施作面積如不爭執事項㈣所示 為59.5建坪，每建坪13,000元，共","攬廠商都有糾紛，故反訴原告主張之完工日期 顯不可採，系爭工程遲延與反訴被告無關。縱若認反訴被告 有工程逾期之事實，反訴原告請求之違約金及加罰罰金亦屬 過高，顯不合理，應依民法第252條規定予以酌減等語，並 聲明：反訴原告之訴駁回；如受不利益之判決，願供擔保請 准予免為假執行。 參、本件經協議簡化兩造不爭執事項、"
"needs_manual_review","95","TPHV,112,重上更一,108,20250319,1","202503","2025","臺灣高等法院民事","112","重上更一","108","20250319","給付工程款等","38052","237","202503/臺灣高等法院民事/TPHV,112,重上更一,108,20250319,1.json","02_輸入資料/法律課程資料庫-20260707T080337Z-3-001/法律課程資料庫/依年份分類/202503/臺灣高等法院民事/TPHV,112,重上更一,108,20250319,1.json","ok","1","31","159","18","10","190","18","10","266","逾期違約金;違約金","工期;完工期限;展延;逾期;遲延","相當;酌減;第252條;過高","酌減;第252條;過高","工期;完工期限;展延;逾期;逾期違約金;違約金;遲延","1","1","13萬0722元，套入前開公式並加計累計保留款4 58萬9853元後，泛亞公司尚應給付伊工程尾款1355萬3273元 （小數點以下四捨五入，下同）。系爭工程原定工期雖僅至 100年9月30日，但因可歸責泛亞公司事由致前期之土建結構 工程未按預定進度完成，拖延伊進場時間，系爭工程方會延 至101年7月間始完工，且因","期，而伊未及時延長為由，拒絕 給付第15、16期估驗款，伊同時履行抗辯停止進場於法有 據云云。惟查： ①按「履約保證：乙方應於簽訂本契約時，提出相當契約 總價百分之10之同額擔保作為履約保證。1.如乙方有違 約情事或無力完成工程時，甲方得不經任何法律程序逕 行動用該項履約保"
"needs_manual_review","96","TPDV,112,建,114,20250430,1","202504","2025","臺灣臺北地方法院民事","112","建","114","20250430","給付工程款等","24985","136","202504/臺灣臺北地方法院民事/TPDV,112,建,114,20250430,1.json","02_輸入資料/法律課程資料庫-20260707T080337Z-3-001/法律課程資料庫/依年份分類/202504/臺灣臺北地方法院民事/TPDV,112,建,114,20250430,1.json","ok","1","87","239","14","11","326","14","11","398","逾期違約金;違約金","工期;完工期限;展延;逾期;遲延","相當;酌減;第252條;過高","酌減;第252條;過高","工期;完工期限;展延;逾期;逾期違約金;違約金;遲延","1","1","採購法第 85條之1第3項準用民事訴訟法第419條第3項規定，視為原告 於110年9月16日申請調解時業已起訴請求，被告應自110年9 月18日負給付遲延責任。 ㈤關於被告抗辯原告應負擔施工逾期違約金5176萬0579元、租 金損害賠償187萬3080元，與原告本件請求款項為扣抵或抵 銷部分，分述如下：","外管線接管作業。 ③綜上，因消防設備變更、瓦斯管線作業延宕，以致109年4月1 日方通過消防檢查，影響後續使照取得，應展延214日。 ⒊原告請求按民法第251條、第252條規定，減少或酌減逾期完 工違約金： 系爭工程自都審階段、申請建照、污排水設備審查階段，發 生不可歸責於原告之事由，致履約遲延。原告於申請建照執"
"needs_manual_review","97","TPHV,109,建上,85,20250422,1","202504","2025","臺灣高等法院民事","109","建上","85","20250422","給付工程款","25519","104","202504/臺灣高等法院民事/TPHV,109,建上,85,20250422,1.json","02_輸入資料/法律課程資料庫-20260707T080337Z-3-001/法律課程資料庫/依年份分類/202504/臺灣高等法院民事/TPHV,109,建上,85,20250422,1.json","ok","1","54","248","12","11","302","12","11","370","逾期違約金;違約金","工期;完工期限;展延;逾期;遲延","民法第252條;相當;酌減;第252條;過高","民法第252條;酌減;第252條;過高","工期;完工期限;展延;逾期;逾期違約金;違約金;遲延","1","1","日、全國性選舉投票日及各 級主管機關臨時公布放假、星期日等均免計履約期日。伊依 約於103年10月11日申報開工，原定竣工日為105年9月30日 ，施工期間因被上訴人已核定展延工期69天，故預定竣工日 展延至106年2月2日。嗣伊於106年8月18日申報竣工，並經 被上訴人確認在案，於同年9月18日辦理初驗，於1","，並開立繳款書收據予伊。然系爭工程施工期 間有如附表一所示不可歸責於伊之展延或免計工期事由，伊 並無逾期。又縱認伊之履約仍有遲延，然違約金之約定顯屬 過高，應予酌減，其得一部請求被上訴人返還伊不當扣款1 億4,679萬2,515元。爰依民法第179條前段及系爭契約規定 ，求為判命被上訴人給付1億4,679萬2,5"
"needs_manual_review","98","TPHV,107,建上,3,20250408,1","202504","2025","臺灣高等法院民事","107","建上","3","20250408","給付工程款等","36932","293","202504/臺灣高等法院民事/TPHV,107,建上,3,20250408,1.json","02_輸入資料/法律課程資料庫-20260707T080337Z-3-001/法律課程資料庫/依年份分類/202504/臺灣高等法院民事/TPHV,107,建上,3,20250408,1.json","ok","1","24","216","17","8","240","17","8","306","逾期違約金;違約金","工期;完工期限;展延;逾期;遲延","民法第252條;相當;酌減;第252條;過高","民法第252條;酌減;第252條;過高","工期;完工期限;展延;逾期;逾期違約金;違約金;遲延","1","1","464萬9 076元(見本院卷六第9頁、卷八第411頁)，擴張請求314萬9740 元。又其於本院依民法第179條規定、系爭契約第22條約定請 求代佶福公司支付施工期間鄰房損害之賠償金1萬5000元(見本 院卷一第275頁)，另依系爭契約第6條、第31條、民法第227條 、第495條、第503條與第179條等規定，以佶福公司嚴重遲延","2814萬3722元，已逾系爭工程之結算總價2733萬7581元(佶福 公司實際主張結算總價為 2717萬7585元)，方堤企業社主張逾 期違約金904萬元，要屬過高，而應酌減為527萬3333元【計算 式：182÷(182+130) * 904萬元】或452萬元【計算式：4520萬 元 * 0.1】。另方堤企業社請求重新發包之費用"
"needs_manual_review","99","ULDV,112,建,10,20250529,1","202505","2025","臺灣雲林地方法院民事","112","建","10","20250529","給付工程款","42380","167","202505/臺灣雲林地方法院民事/ULDV,112,建,10,20250529,1.json","02_輸入資料/法律課程資料庫-20260707T080337Z-3-001/法律課程資料庫/依年份分類/202505/臺灣雲林地方法院民事/ULDV,112,建,10,20250529,1.json","ok","1","104","1","45","37","105","45","37","343","違約金","工期","民法第252條;相當;酌減;第252條;過高","民法第252條;酌減;第252條;過高","工期;違約金","1","1","計約4,140㎥，因未依契約約定及核准之處理計畫辦理，依系爭契約第9條第(卅一)項第2款第(1)目之規定，應按違規數量4,140㎥乘以契約餘土22,846.7㎥單價金額之10倍計算違約金。為此台聯公司將系爭契約所訂之土方開挖(80元/㎥)、餘土外運證明 (80元/㎥)及餘土運輸費(300元/㎥)等項目一併計算，應罰10倍違約金共計19,044,000元。由於違約金","違規數量4,140㎥乘以契約餘土22,846.7㎥單價金額之10倍 計算違約金，顯非合理，違反比例原則，自應依民法第25 2條之規定予以酌減。由於被告並未因原告違約而受有金 錢上之損害，考量原告已經完成清運契約約定餘土數量22 ,846.7㎥，而因清運契約外餘土4,140㎥未依規定處理，遭"
"needs_manual_review","100","TNHV,113,建上,14,20250508,1","202505","2025","臺灣高等法院臺南分院民事","113","建上","14","20250508","給付工程款","11344","80","202505/臺灣高等法院臺南分院民事/TNHV,113,建上,14,20250508,1.json","02_輸入資料/法律課程資料庫-20260707T080337Z-3-001/法律課程資料庫/依年份分類/202505/臺灣高等法院臺南分院民事/TNHV,113,建上,14,20250508,1.json","ok","1","79","148","17","15","227","17","15","321","逾期違約金;違約金","工期;完工期限;展延;逾期;遲延","民法第252條;相當;酌減;第252條;過高","民法第252條;酌減;第252條;過高","工期;完工期限;展延;逾期;逾期違約金;違約金;遲延","1","1","併辦土石標售」工程（下稱系爭工程），於民國105年6月13 日簽訂工程契約書（下稱系爭契約），約定工程期限360日 曆天，嗣履約期限因天候及變更設計等因素，經展延工期3 次，預定竣工日為106年12月19日，實際於106年12月29日竣 工，工程結算金額為新臺幣（下同）7,382萬0,372元。然六 分署以系爭","）所 公布之「工程採購契約範本」（下稱契約範本），就未完成 缺失改善部分工項金額以每日3‰計算逾期違約金，僅應扣罰 128元，且逾期違約金約定金額尚屬過高，請求依民法第252 條規定予以酌減等情。爰依系爭契約第3條第1款或民法第49 0條、第491條之規定，求為判命六分署應給付穎昌公司354 萬3,37"
"needs_manual_review","101","ULDV,113,建,3,20250620,2","202506","2025","臺灣雲林地方法院民事","113","建","3","20250620","給付工程款","28477","168","202506/臺灣雲林地方法院民事/ULDV,113,建,3,20250620,2.json","02_輸入資料/法律課程資料庫-20260707T080337Z-3-001/法律課程資料庫/依年份分類/202506/臺灣雲林地方法院民事/ULDV,113,建,3,20250620,2.json","ok","1","77","371","29","26","448","29","26","610","逾期違約金;違約金","工期;完工期限;展延;展期;逾期;遲延","民法第252條;相當;酌減;第252條;過高","民法第252條;酌減;第252條;過高","工期;完工期限;展延;展期;逾期;逾期違約金;違約金;遲延","1","1","年5月18日通知開工，原告於107年5月23日申報開 工，於109年7月10日申報竣工，工程期間歷經三次變更設計 ，實際履約總天數780日曆天，但如附表所載不計工期及可 展延工期668天，原告實際並未逾期完工（詳後述），故被 告有下述款項尚未給付： ⒈未付工程款561萬8,151元： 被告於110年1月5日驗收（","。退而言之，被告依系爭 契約第17條第4項之約定，以契約價金20％為上限處以原告逾 期違約金以551萬5,288元，顯非合理，違反比例原則，請鈞 院依民法第252條之規定予以酌減。 ㈧就被告主張營造保險逾期40天應予扣罰1,893元一節，原告不 爭執。 ㈨就被告扣留水電申請之款項9萬4,750元部分，原告不同意，"
"needs_manual_review","102","CHDV,111,建,48,20250619,1","202506","2025","臺灣彰化地方法院民事","111","建","48","20250619","給付工程款","19778","158","202506/臺灣彰化地方法院民事/CHDV,111,建,48,20250619,1.json","02_輸入資料/法律課程資料庫-20260707T080337Z-3-001/法律課程資料庫/依年份分類/202506/臺灣彰化地方法院民事/CHDV,111,建,48,20250619,1.json","ok","1","59","278","28","21","337","28","21","477","逾期違約金;違約金","工期;展延;展期;逾期;遲延","民法第252條;相當;酌減;第252條;過高","民法第252條;酌減;第252條;過高","工期;展延;展期;逾期;逾期違約金;違約金;遲延","1","1","000-000-0-0，下稱系爭契約，此工程下稱原契約工程 ），於107年3月1日開工，依系爭契約第8條第1款之約定， 應於開工之次日起720日竣工，亦即原定竣工期限為109年2 月19日。原契約工程於施工期間，因發現基地中埋藏大量廢 棄物以及被告陸續追加新增工作等原因曾辦理4次契約變更 ，致所需工期大幅增加，原","可 ，合理之展延日數為何（不含被告已核准展延之日數）？ ㈡原告請求增加工程管理費1,827萬472元之部分，是否有據？ ㈢如展延後仍有逾期的情形，則逾期違約金是否過高？ ㈣被告因認原告逾期繳納「瀝青混凝土挖（刨）除料殘值」款 項計罰遲延違約金4萬5,504元，是否有據？ 肆、本院之判斷： 一、上開兩造不爭執事項，既為兩造所不爭"
"needs_manual_review","103","ULDV,113,建,10,20250630,1","202506","2025","臺灣雲林地方法院民事","113","建","10","20250630","給付工程款","8906","95","202506/臺灣雲林地方法院民事/ULDV,113,建,10,20250630,1.json","02_輸入資料/法律課程資料庫-20260707T080337Z-3-001/法律課程資料庫/依年份分類/202506/臺灣雲林地方法院民事/ULDV,113,建,10,20250630,1.json","ok","1","33","163","20","18","196","20","18","308","逾期違約金;違約金","工期;展延;逾期;遲延","民法第252條;相當;酌減;第252條;過高","民法第252條;酌減;第252條;過高","工期;展延;逾期;逾期違約金;違約金;遲延","1","1","之第2次估驗款7,432,234元後，尚餘尾款13,481,432元，依 系爭工程契約約定，被告應於110年6月9日驗收合格後15日 內給付，被告卻以工期遲延為由扣逾期違約金6,711,591元 ，其餘工程款部分，被告遲至112年6月28日始再給付原告6, 689,441元。而原告之所以工期遲延係可歸責於被告變更","設計後之工程依系爭工程契約之約定，應由兩造協議工程， 惟被告片面決定工期長短，且未能審酌工程之實際狀況，是 系爭工程之遲延，被告亦多有可歸責之情，有酌減違約金之 必要。 ㈢、系爭工程契約之工作項目不包含向雲林縣政府申請使用執照 乙事，然被告卻將未於規定期限內申請使用執照而遭雲林縣 政府罰款6,000"
"needs_manual_review","104","TPHV,113,建上,46,20250610,1","202506","2025","臺灣高等法院民事","113","建上","46","20250610","返還違約金","7196","64","202506/臺灣高等法院民事/TPHV,113,建上,46,20250610,1.json","02_輸入資料/法律課程資料庫-20260707T080337Z-3-001/法律課程資料庫/依年份分類/202506/臺灣高等法院民事/TPHV,113,建上,46,20250610,1.json","ok","1","63","45","31","28","108","31","28","285","逾期違約金;違約金","工期;展延;逾期;遲延","民法第252條;相當;酌減;第252條;過高","民法第252條;酌減;第252條;過高","工期;展延;逾期;逾期違約金;違約金;遲延","1","1","返還違約金 臺灣高等法院民事判決 113年度建上字第46號 上 訴 人 璉嶸營造有限公司 法定代理人 陳登泉 訴訟代理人 高素真律師 被 上訴人 交通部公路局","元，且自應給付之工程款中扣抵。 ㈡惟本件違約金額占伊所得利潤比例甚高，且系爭工程逾期係 肇因於諸多施工艱困情形，被上訴人復未證明其受有何損害 ，故違約金實屬過高。又系爭工程先後於109年10月7日、11 0年10月30日開放北上線通車及全線通車時，工程進度各達5 8.95%及96.745%，伊既已一部履行並使被上訴人享"
"needs_manual_review","105","PCDV,113,訴,1122,20250731,1","202507","2025","臺灣新北地方法院民事","113","訴","1122","20250731","給付工程款","22143","138","202507/臺灣新北地方法院民事/PCDV,113,訴,1122,20250731,1.json","02_輸入資料/法律課程資料庫-20260707T080337Z-3-001/法律課程資料庫/依年份分類/202507/臺灣新北地方法院民事/PCDV,113,訴,1122,20250731,1.json","ok","1","111","86","20","17","197","20","17","305","逾期違約金;違約金","工期;逾期;遲延","民法第252條;相當;酌減;第252條;過高","民法第252條;酌減;第252條;過高","工期;逾期;逾期違約金;違約金;遲延","1","1","據原證1-3契約第6條第1項，本案工程總價 為0000000元，而被告尚未依同條項第4款給付第四期工程款 共計155595元。被告辯稱「兩造就楊梅國中A、B案之違約金 金額達成協議，原告願以折讓404410元（含稅）之方式支付 延遲違約金與被告」、「兩造僅先就楊梅國中A、B案之違約 金達成和解」等語，惟查：Ａ案折讓","契約並未特別約定違約金為懲罰性違 約金，參酌民法第250條規定及實務見解，應認為兩造所約 定之逾期違約金為損害賠償額預定性違約金，並於審酌違約 金是否過高時應考量債權人實際所受損害。又本件審理中被 告雖已提出與其上包商聯合再生能源股份有限公司（下稱聯 合再生公司）之報表及電子郵件截圖，說明被告亦遭聯合再"
"needs_manual_review","106","TPDV,114,建,6,20250912,1","202509","2025","臺灣臺北地方法院民事","114","建","6","20250912","返還不當得利","12035","55","202509/臺灣臺北地方法院民事/TPDV,114,建,6,20250912,1.json","02_輸入資料/法律課程資料庫-20260707T080337Z-3-001/法律課程資料庫/依年份分類/202509/臺灣臺北地方法院民事/TPDV,114,建,6,20250912,1.json","ok","1","75","128","39","35","203","39","35","421","逾期違約金;違約金","工期;展延;逾期;遲延","民法第252條;相當;酌減;第252條;過高","民法第252條;酌減;第252條;過高","工期;展延;逾期;逾期違約金;違約金;遲延","1","1","0月16日開始，原預定於108年9 月5日進行雷達站房建築主體工程無法動工，非可歸責於原 告之因素，直至109年4月1日方能進行主體工程之開工，是 應展延47日（自108年7月20日起至108年9月4日止，此為日 曆天，下同），並扣除因天候因素展延2日（即108年8月13 日、108年8月24日），自應再展延45","缺等非可歸責於原告事由，如 以原告違約131日為基準計算之逾期違約金為667萬707元（ 計算式：5092萬1424元×1‰×131日＝667萬707元），實屬過高 ，應依民法第251條、第252條規定酌減逾期違約金至158萬1 57元，始為適當。則被告扣罰逾期違約金1018萬4284元，於 超過158萬157元"
"needs_manual_review","107","TCDV,110,建,45,20250912,2","202509","2025","臺灣臺中地方法院民事","110","建","45","20250912","給付工程款","23532","87","202509/臺灣臺中地方法院民事/TCDV,110,建,45,20250912,2.json","02_輸入資料/法律課程資料庫-20260707T080337Z-3-001/法律課程資料庫/依年份分類/202509/臺灣臺中地方法院民事/TCDV,110,建,45,20250912,2.json","ok","1","20","307","3","2","327","3","2","341","逾期違約金;違約金","工期;展延;逾期;遲延","相當;酌減;過高","酌減;過高","工期;展延;逾期;逾期違約金;違約金;遲延","1","1","系爭契約，向被 告請求總計3609萬2237元。 二、原告請求3609萬2237元之各項請求事實及計算方式如下： ㈠系爭工程於105年6月24日開工，系爭契約原預定工期為210 天，故原預定竣工日為106年1月19日，嗣經被告同意展延履 約期限至106年10月8日中午，然原告實際竣工日期為107年4 月25日，故被告認原告履約逾","履行違法行為之契約義務，並非原告 有重大違約之情事，且系爭工程遲延完工並未對被告造成實 際上經濟損害，被告以每日10萬7433元計罰逾期違約金，顯 屬過高，應予酌減。 ㈡承上，原告履約並無逾期，系爭工程自原預定竣工日106年1 月19日至實際竣工日107年4月25日，延長工期461天，扣除 政府法令變更等不可"
"needs_manual_review","108","TPDV,113,建,253,20251022,1","202510","2025","臺灣臺北地方法院民事","113","建","253","20251022","返還不當得利","17172","187","202510/臺灣臺北地方法院民事/TPDV,113,建,253,20251022,1.json","02_輸入資料/法律課程資料庫-20260707T080337Z-3-001/法律課程資料庫/依年份分類/202510/臺灣臺北地方法院民事/TPDV,113,建,253,20251022,1.json","ok","1","163","190","28","25","353","28","25","509","逾期違約金;違約金","工期;完工期限;展延;逾期;遲延","相當;酌減;第252條;過高","酌減;第252條;過高","工期;完工期限;展延;逾期;逾期違約金;違約金;遲延","1","1","時程等細節。系爭工程第 一階段應完成工項包含第一期農中繼市場完成、第一階段工 程全區交付，開工日為109年3月11日，迄111年3月10日完工 ，預定工期為405日曆天，實際施工時程為730日曆天，經展 延或免計工期239.5日曆天，故逾契約完工期限85.5日曆天 （計算式：730日-405日-239.5日=85","員會（下稱申訴審議委員會）於111年12月23日府法 申字第1110091575號調解（下稱系爭調解）成立，兩造達成 就第一階段逾期違約金每日計罰比例由0.5‰酌減至0.25‰之 合意，故系爭工程第一階段工程逾期違約金應為1,262萬1,3 85元（計算式：590,474,137×0.25‰×85.5=12,621,385"
"needs_manual_review","109","TCDV,110,建,70,20251128,1","202511","2025","臺灣臺中地方法院民事","110","建","70","20251128","給付承攬報酬等","22716","169","202511/臺灣臺中地方法院民事/TCDV,110,建,70,20251128,1.json","02_輸入資料/法律課程資料庫-20260707T080337Z-3-001/法律課程資料庫/依年份分類/202511/臺灣臺中地方法院民事/TCDV,110,建,70,20251128,1.json","ok","1","57","313","24","21","370","24","21","502","逾期違約金;違約金","工期;展延;逾期;遲延","民法第252條;相當;酌減;第252條;過高","民法第252條;酌減;第252條;過高","工期;展延;逾期;逾期違約金;違約金;遲延","1","1","之利息起算日變更為108年7月25日（見本院 卷一第387頁）。最終於114年8月29日以民事辯論意旨狀聲 明：「㈠被告應給付原告1999萬7629元，及其中（遲延扣款 ）1361萬6378元自108年7月25日起至清償日止，按年息百分 之5計算之法定利息。其中（情事變更管理費）470萬1713元 自起訴狀繕本送","時期施工之機電工程能如期、如質發揮使用目 的性，使本件主體工程即淨水廠於汛期前已可投入運作（於 被告認定逾期期間已在運作），請求鈞院斟酌上情，依民法 第252條職權酌減原告之違約金。再者，淨水廠於108年1月1 6日順利通水，可見系爭工程功能已具備，縱有微小部分瑕 疵，應僅屬缺失範疇，不影響系爭工程正常使用，此由另標"
"needs_manual_review","110","TNDV,113,訴,1627,20251121,1","202511","2025","臺灣臺南地方法院民事","113","訴","1627","20251121","給付工程款","15765","27","202511/臺灣臺南地方法院民事/TNDV,113,訴,1627,20251121,1.json","02_輸入資料/法律課程資料庫-20260707T080337Z-3-001/法律課程資料庫/依年份分類/202511/臺灣臺南地方法院民事/TNDV,113,訴,1627,20251121,1.json","ok","1","91","70","32","29","161","32","29","341","逾期違約金;違約金","工期;完工期限;展延;逾期;遲延","民法第252條;相當;酌減;第252條;過高","民法第252條;酌減;第252條;過高","工期;完工期限;展延;逾期;逾期違約金;違約金;遲延","1","1","月8日，被告應一次發還保固保證金818,370元予原告，被 告卻以114年3月27日南市○區○○0000000000號函通知被告 將先由保固保證金扣抵逾期違約金差額1,013,230元，然 而系爭工程並無逾期問題，被告扣抵逾期違約金實屬無據 ，被告應依上開約定發還保固保證金818,370元予原告；","屬「所失利益」，依系爭契約 第15條第10項第1款約定，原告所負賠償責任不包括非因 故意或重大過失所致之「所失利益」。另上揭違約金之約 定過高，請求本院依民法第252條規定，將違約金酌減至 零等語。 （三）並聲明： １、被告應給付原告1,521,651元，及其中703,281元自起訴狀"
"needs_manual_review","111","CHDV,111,建,49,20251126,1","202511","2025","臺灣彰化地方法院民事","111","建","49","20251126","給付工程款","39260","272","202511/臺灣彰化地方法院民事/CHDV,111,建,49,20251126,1.json","02_輸入資料/法律課程資料庫-20260707T080337Z-3-001/法律課程資料庫/依年份分類/202511/臺灣彰化地方法院民事/CHDV,111,建,49,20251126,1.json","ok","1","52","104","30","26","156","30","26","320","逾期違約金;違約金","工期;展延;逾期;遲延","民法第252條;相當;酌減;第252條;過高","民法第252條;酌減;第252條;過高","工期;展延;逾期;逾期違約金;違約金;遲延","1","1","反訴標的之法 律關係與本訴被告作為防禦方法所主張之法律關係兩者之間 ，有牽連關係而言。本件原告就系爭工程被告請求給付工程 款，被告提起反訴主張原告工程遲延，請求給付違約金。經 核本訴與反訴之原因，均係本於系爭承攬契約所生之爭議， 反訴之標的與本訴之標的間，在法律上或事實上關係密切， 且審判資料有共通性或","成，而其 施作位置位於原證3照片所示之屋頂黑色線條處，被 告所稱未施作，應有誤會。 ⒏被告計算之逾期違約金430萬620元，應屬過高，故有依 民法第252條予以酌減之必要： ⑴按當事人得約定債務人於債務不履行時，應支付違約 金；違約金，除當事人另有訂定外，視為因"
"needs_manual_review","112","TNHV,110,建上,18,20251226,1","202512","2025","臺灣高等法院臺南分院民事","110","建上","18","20251226","給付工程款","23120","185","202512/臺灣高等法院臺南分院民事/TNHV,110,建上,18,20251226,1.json","02_輸入資料/法律課程資料庫-20260707T080337Z-3-001/法律課程資料庫/依年份分類/202512/臺灣高等法院臺南分院民事/TNHV,110,建上,18,20251226,1.json","ok","1","93","199","32","22","292","32","22","444","逾期違約金;違約金","工期;展延;展期;逾期;遲延","民法第252條;相當;酌減;第252條;過高","民法第252條;酌減;第252條;過高","工期;展延;展期;逾期;逾期違約金;違約金;遲延","1","1","物價指數調整等結算程序後為1億1,593萬0,035元，經扣除 驗收扣款23萬3,791元後，結算總價為1億1,569萬6,244元， 再經嘉南營運處扣除逾期違約金2,318萬6,007 元、其他違 約金105萬0,791元以及結算其他費用後，上訴人實領9,724 萬2,922元。惟系爭工程未逾最後竣工期限，依台灣電力股","人有逾分期之進度 ，但未逾最後竣工期限，被上訴人應將已收取之違約金共計 2,318萬6,007元發還與上訴人。縱認被上訴人得計收逾期違 約金，金額亦屬過高，應予酌減。又系爭契約漏未設計第4 期MH5沉箱擋土牆及第7期#9塔基連接站臨時擋土牆，此部分 上訴人額外支出工程費用為189萬2,337元，被上訴人應予償"
"needs_manual_review","113","CYDV,114,重訴,12,20251230,1","202512","2025","臺灣嘉義地方法院民事","114","重訴","12","20251230","返還履約保證金","21090","2","202512/臺灣嘉義地方法院民事/CYDV,114,重訴,12,20251230,1.json","02_輸入資料/法律課程資料庫-20260707T080337Z-3-001/法律課程資料庫/依年份分類/202512/臺灣嘉義地方法院民事/CYDV,114,重訴,12,20251230,1.json","ok","1","68","45","64","44","113","64","44","417","違約金","展延;展期;逾期;遲延","民法第252條;相當;酌減;第252條;過高","民法第252條;酌減;第252條;過高","展延;展期;逾期;違約金;遲延","1","1","保證金1,716萬元返還原告。 ⒉275-1地號土地合建案部分：該合建案雖因原告違約情事遭被 告解除契約，惟因如下情事，無論系爭原契約第26條第3項 約定之違約金性質係屬懲罰性違約金或損害賠償總額預定之 違約金，依民法第251、252條規定，均得酌減，故本件違約 金因如下事項，應僅酌減2,061,930元，其餘履約保證金","告解除契約，惟因如下情事，無論系爭原契約第26條第3項 約定之違約金性質係屬懲罰性違約金或損害賠償總額預定之 違約金，依民法第251、252條規定，均得酌減，故本件違約 金因如下事項，應僅酌減2,061,930元，其餘履約保證金17, 778,070元應返還原告： ⑴被告解除契約實際上所受損害僅有訴訟費用2,0"
"needs_manual_review","114","TPDV,113,建,266,20251224,4","202512","2025","臺灣臺北地方法院民事","113","建","266","20251224","返還違約金等","12592","135","202512/臺灣臺北地方法院民事/TPDV,113,建,266,20251224,4.json","02_輸入資料/法律課程資料庫-20260707T080337Z-3-001/法律課程資料庫/依年份分類/202512/臺灣臺北地方法院民事/TPDV,113,建,266,20251224,4.json","ok","1","81","81","27","25","162","27","25","319","逾期違約金;違約金","工期;逾期;遲延","民法第252條;相當;酌減;第252條;過高","民法第252條;酌減;第252條;過高","工期;逾期;逾期違約金;違約金;遲延","1","1","返還違約金等 臺灣臺北地方法院民事判決 113年度建字第266號 原 告 統鑫開發實業股份有限公司 法定代理人 蘇國維 訴訟代理人 李怡卿律師 被","307元(90萬0600 元＋781萬8707元)，依民法第179條規定，應返還予原告。縱 認被告以總工程款20%計算違約金額上限有理由，被告亦得 依民法第252條規定請求酌減違約金至各分項工程款結算金 額20%為限，依民法第179條規定請求被告返還781萬8707元 。 (五)聲明：被告應給付原告871萬9307元，及"
"needs_manual_review","115","KSHV,114,上,88,20251217,1","202512","2025","臺灣高等法院高雄分院民事","114","上","88","20251217","給付承攬報酬","24515","28","202512/臺灣高等法院高雄分院民事/KSHV,114,上,88,20251217,1.json","02_輸入資料/法律課程資料庫-20260707T080337Z-3-001/法律課程資料庫/依年份分類/202512/臺灣高等法院高雄分院民事/KSHV,114,上,88,20251217,1.json","ok","1","107","56","22","17","163","22","17","275","逾期違約金;違約金","逾期;遲延","民法第252條;相當;酌減;第252條;過高","民法第252條;酌減;第252條;過高","逾期;逾期違約金;違約金;遲延","1","1","合請領 第5、6期工程款合計3,975,000元之要件，惟輔英科大竟無 端以依約非應負限期修繕、如附表所示之設備故障（下稱系 爭設備故障），主張伊修繕遲延，並以伊應負逾期違約金9, 888,000元為由，抵銷伊可請領之第5、6期工程款，復拒絕 返還系爭定存單。然輔英科大所為違約金請求，未斟酌伊進 行修繕","銷伊可請領之第5、6期工程款，復拒絕 返還系爭定存單。然輔英科大所為違約金請求，未斟酌伊進 行修繕之必要時間，且縱可向伊請求違約金，其請求之金額 亦屬過高，應予酌減，並應受系爭契約第18條第3項上限之 限制，自不得拒絕全部給付上開未付工程款。為此，爰依系 爭變更協議書第1條第2項、系爭契約第14條第2項，提起本"
"needs_manual_review","116","KSDV,109,建,81,20260213,1","202602","2026","臺灣高雄地方法院民事","109","建","81","20260213","給付工程款","54416","370","202602/臺灣高雄地方法院民事/KSDV,109,建,81,20260213,1.json","02_輸入資料/法律課程資料庫-20260707T080337Z-3-001/法律課程資料庫/依年份分類/202602/臺灣高雄地方法院民事/KSDV,109,建,81,20260213,1.json","ok","1","130","167","11","8","297","11","8","351","逾期違約金;違約金","工期;完工期限;展延;逾期;遲延","民法第252條;相當;酌減;第252條;過高","民法第252條;酌減;第252條;過高","工期;完工期限;展延;逾期;逾期違約金;違約金;遲延","1","1","公司仍積欠原告工程款17,446,297元(計算式：合約金額000 00000元－已付工程款00000000元－代付設備款00000000元－細 部設計逾期違約金383450元－雜項支出519710元＝00000000元 )未給付，履約保證支票亦僅歸還其中3紙，尚有支票號碼BJ 0000000之履約保證支票1紙(下稱系爭","20所合計及被證37-1所列函文)、其他違約金46,000元等 項目，主張可自應給付原告之工程款內扣除，有無理由？若 可扣除則被告二人各得扣除之金額為何？是否有過高而得予 以減至相當之數額之必要？ ㈥台境公司辯稱：其為原告代購設備款項36,465,285元，因此 所衍生之利息2,267,506元債權得為抵銷抗辯，是否為"
"needs_manual_review","117","TPHV,113,重上,4,20260429,1","202604","2026","臺灣高等法院民事","113","重上","4","20260429","履行契約","25757","5","202604/臺灣高等法院民事/TPHV,113,重上,4,20260429,1.json","02_輸入資料/法律課程資料庫-20260707T080337Z-3-001/法律課程資料庫/依年份分類/202604/臺灣高等法院民事/TPHV,113,重上,4,20260429,1.json","ok","1","147","154","40","34","301","40","34","517","逾期違約金;違約金","展延;逾期;遲延","民法第252條;相當;酌減;第252條;過高","民法第252條;酌減;第252條;過高","展延;逾期;逾期違約金;違約金;遲延","1","1","經伊於同年月24日申請於釐清性能測試爭議前，就第1批及 後續批次暫停履約，國防部未予同意，並分別於108年8月1 日、同年月26日通知伊第2批、第3批逾期給付已達18日以上 ，為解除第2、3批契約之意思表示，並依系爭採購契約之採 購計畫清單（下稱採購計畫清單）（十八）備註16.⑴及國防 部內購財物採購契","、3 批抗彈布之契約非合法，依民法第179條規定，應返還伊上 開沒收之履約保證金420萬元，倘認國防部上開解約合法， 因沒收履約保證金之違約金約定金額過高，應酌減至履約保 證金之半數即各105萬元後，依民法第179條規定，國防部應 返還210萬元予伊。⑵國防部計罰逾期違約金1,400萬元部分 ：關於第2"
"needs_manual_review","118","KSHV,107,建上,26,20260415,2","202604","2026","臺灣高等法院高雄分院民事","107","建上","26","20260415","返還不當得利等","35962","143","202604/臺灣高等法院高雄分院民事/KSHV,107,建上,26,20260415,2.json","02_輸入資料/法律課程資料庫-20260707T080337Z-3-001/法律課程資料庫/依年份分類/202604/臺灣高等法院高雄分院民事/KSHV,107,建上,26,20260415,2.json","ok","1","89","174","23","22","263","23","22","397","逾期違約金;違約金","工期;完工期限;展延;逾期;遲延","民法第252條;相當;酌減;第252條;過高","民法第252條;酌減;第252條;過高","工期;完工期限;展延;逾期;逾期違約金;違約金;遲延","1","1","判（最高法院98年度台上字第1807號判決、109年度台上字 第2087號判決要旨參照）。上訴人於原審依民法第179條規 定，起訴請求被上訴人給付遭扣罰之逾期違約金新台幣（下 同）1,833萬7,605元及轉發包差額扣款188萬6,149元（見原 審卷四第22頁），合計2,022萬3,754元；嗣於上訴後捨棄民","然附表所示工作之遲延完 工係因不可歸責於伊之事由所致，被上訴人不得扣抵系爭逾 期違約金及系爭差價損失。倘被上訴人抵扣系爭逾期違約金 有理由，違約金亦有過高，應予酌減，且不得再重複扣抵系 爭差價損失。依系爭契約第5條約定及承攬之法律關係，被 上訴人尚應給付工程款2,022萬3,754元（即18,337,605+1,"
"needs_manual_review","119","TPDV,113,建,132,20260424,2","202604","2026","臺灣臺北地方法院民事","113","建","132","20260424","給付承攬報酬","30330","119","202604/臺灣臺北地方法院民事/TPDV,113,建,132,20260424,2.json","02_輸入資料/法律課程資料庫-20260707T080337Z-3-001/法律課程資料庫/依年份分類/202604/臺灣臺北地方法院民事/TPDV,113,建,132,20260424,2.json","ok","1","40","175","15","12","215","15","12","293","逾期違約金;違約金","工期;展延;展期;逾期;遲延","相當;酌減;第252條;過高","酌減;第252條;過高","工期;展延;展期;逾期;逾期違約金;違約金;遲延","1","1",".2%，按此比例計算被告4人應負擔工程款餘 額總額分別為230萬9,893元、302萬6,756元、230萬9,893元 、230萬9,893元。詎被告竟以工程逾期、瑕疵等藉口拒絕如 數付款，經伊以112年10月2日台北長安郵局第003387號存證 信函催告被告於函到7日內付款（被告4人收受存證信函之日 期最晚為","僅涉及結構項目，與機電、裝修契約工作項 目無關，故僅能就結構契約部分計算逾期違約金，且應以結 構契約尚未付款金額為計罰上限，是否可採？ ⒌本件逾期違約金是否過高應予酌減？懲罰性違約金是否過高 、相當數額的審酌因素有哪些？如何審酌？ ㈡原告依系爭契約第6條、第7條、附件請款明細表請求被告四 人給付剩餘工程款995萬6"
"needs_manual_review","120","TPDV,113,建,272,20260409,1","202604","2026","臺灣臺北地方法院民事","113","建","272","20260409","履行契約等","22331","150","202604/臺灣臺北地方法院民事/TPDV,113,建,272,20260409,1.json","02_輸入資料/法律課程資料庫-20260707T080337Z-3-001/法律課程資料庫/依年份分類/202604/臺灣臺北地方法院民事/TPDV,113,建,272,20260409,1.json","ok","1","37","125","17","13","162","17","13","248","逾期違約金;違約金","工期;展延;逾期;遲延","相當;酌減;第252條;過高","酌減;第252條;過高","工期;展延;逾期;逾期違約金;違約金;遲延","1","1","本訴標的之法律關係兩 者之間，或反訴標的之法律關係與本訴被告作為防禦方法所 主張之法律關係兩者之間，有牽連關係而言。查原告以被告 承攬其室內裝修工程有遲延完工、工作有瑕疵，致其受有損 害等為由，依系爭契約第16條第1項、第10條第1款約定及民 法第227條第2項、第493條規定，起訴請求被告給付違約金","總額預定性 違約金，原告除請求違約金外，其另請求租金損失、工程瑕 疵損害顯屬重複請求；若認伊應負遲延違約之責，系爭契約 第16條第1項約定之違約金亦屬過高，請求依法予以酌減。 另原告提出之租賃契約承租人係惟美雅生物科技股份有限公 司（下稱惟美雅公司），並非原告，則惟美雅公司是否額外 支出租金，應與原告無"
