"序號","判決ID","年度","裁判日期","法院","案由","字別","案號","人工狀態","契約總價","逾期天數","主張違約金","法院准許違約金","是否酌減","剩餘比例","酌減率","正式特徵_業主可歸責","正式特徵_承包商可歸責","正式特徵_展延免計工期爭議","正式特徵_實際損害不明偏低","正式特徵_部分完成部分驗收","正式特徵_業主已使用受益","正式特徵值摘要","AI建議_業主可歸責","AI建議_承包商可歸責","AI建議_展延免計工期爭議","AI建議_實際損害不明偏低","AI建議_部分完成部分驗收","AI建議_業主已使用受益","AI建議特徵值摘要","相關度分數","核心理由摘要","原始JSON"
"1","KSDV,109,訴,1349,20210122,4","2021","20210122","臺灣高雄地方法院民事","返還履約保證金等","訴","1349","ai_assumed","482000","31","10822000","970000","是","0.089632","0.910368","0","1","1","1","1","1","承包商可歸責、展延/免計工期爭議、實際損害不明/偏低、部分完成/部分驗收、業主已使用/受益","","1","1","1","1","1","AI:承包商可歸責、AI:展延/免計工期爭議、AI:實際損害不明/偏低、AI:部分完成/部分驗收、AI:業主已使用/受益","285","月20日再次公開招標2,000 個「戰鬥個裝攜行袋II 型本體（黑色-L）」，並且剔除吸震墊部分要求，採購單價 更低於攜行袋契約約定之單價，可見被告未因重新採購受有 損害，且吸震墊要求對於攜行袋功能並無影響，被告卻小題 大作主張解約、沒收全額履約保證金並另索討高額違約金， 已違民法第148 條誠信原則，爰依民法第252 條規定請求法 院酌減上開遲延違約金及具懲罰性違約金性質之履約保證金 。上開違約金經酌減後，被告受領履約保證金，即係無法律 上原因而受有利益，被告應依民法第17...","02_輸入資料/法律課程資料庫-20260707T080337Z-3-001/法律課程資料庫/依年份分類/202101/臺灣高雄地方法院民事/KSDV,109,訴,1349,20210122,4.json"
"2","MLDV,109,建,21,20210128,1","2021","20210128","臺灣苗栗地方法院民事","給付監造服務費用等","建","21","ai_assumed","6662415","250","6662415","6662415","否","1","0","1","1","0","1","1","1","業主可歸責、承包商可歸責、實際損害不明/偏低、部分完成/部分驗收、業主已使用/受益","1","1","","1","1","1","AI:業主可歸責、AI:承包商可歸責、AI:實際損害不明/偏低、AI:部分完成/部分驗收、AI:業主已使用/受益","263","未確實現地監造及出席工作會議，違反系爭服務契約第 2 條第3 項第1 款約定，應依同條項第38款扣罰懲罰性違約 金4 萬元。 ⑶原告監造不當違反系爭服務契約第2 條第3 項第5 款第4 目 約定，應依第18條第5 項約定，每處計罰5,000 元，扣罰懲 罰性違約金397 萬元。 ②如有前開違約金扣罰，原告依民法第252 條約定請求違約金 酌減，有無理由？酌減之範圍？ ⒉原告請求系爭服務案追加之監造服務費用11,780,184元（包 含系爭工程停工至復工間服務費用3,420,3...","02_輸入資料/法律課程資料庫-20260707T080337Z-3-001/法律課程資料庫/依年份分類/202101/臺灣苗栗地方法院民事/MLDV,109,建,21,20210128,1.json"
"3","TPHV,108,建上,20,20210331,1","2021","20210331","臺灣高等法院民事","給付工程款","建上","20","ai_assumed","36928000","929","40700003","2564100","是","0.063","0.937","1","0","1","0","1","0","業主可歸責、展延/免計工期爭議、部分完成/部分驗收","1","","1","","1","","AI:業主可歸責、AI:展延/免計工期爭議、AI:部分完成/部分驗收","343","被上訴人扣罰為有理由，惟關於估驗計價逾期罰款部分，逾 期日數至多計算至系爭工程竣工之日即103年1月29日止，共 341日，以每逾1日扣罰1000元計算，至多僅得扣罰34萬1000 元，關於初驗逾期罰款部分，不得計入逾期期間共23日，應 予扣除。再退步言之，縱認被上訴人各項扣罰之數額為有理 由，亦屬過高，爰請求酌減違約金。又系爭工程預定開工日 期為102年4月18日，系爭契約並未約定開工前須先提交整體 施工計畫書、品質計畫書及勞工安全衛生管理計畫書(下合 稱三大計畫書)始得施...","02_輸入資料/法律課程資料庫-20260707T080337Z-3-001/法律課程資料庫/依年份分類/202103/臺灣高等法院民事/TPHV,108,建上,20,20210331,1.json"
"4","TCHV,108,建上,22,20210421,1","2021","20210421","臺灣高等法院臺中分院民事","給付工程款等","建上","22","ai_assumed","246","218","19920000","10433610","是","0.523776","0.476224","1","1","1","1","1","1","業主可歸責、承包商可歸責、展延/免計工期爭議、實際損害不明/偏低、部分完成/部分驗收、業主已使用/受益","1","1","1","1","1","1","AI:業主可歸責、AI:承包商可歸責、AI:展延/免計工期爭議、AI:實際損害不明/偏低、AI:部分完成/部分驗收、AI:業主已使用/受益","698","8日，而依 系爭契約第16條之規定計算逾期違約金數額高達1億5936萬 元（即系爭契約總價之20%上限），並自其應給付協信公司 之工程款中予以扣除，要屬無據，應予返還。縱令協信公司 有逾期，因系爭契約第16條逾期違約金性質，屬損害賠償預 定性違約金，然臺中港務公司實際上並未因此受有任何損害 ，應予以酌減違約金至零，或以鑑定機關台灣省土木技師公 會（下稱土木技師公會）之鑑定報告認定僅逾期25日，參酌 000號碼頭原本之規劃係於105年間使用，該逾期對於臺中港 務公司尚無影響；且...","02_輸入資料/法律課程資料庫-20260707T080337Z-3-001/法律課程資料庫/依年份分類/202104/臺灣高等法院臺中分院民事/TCHV,108,建上,22,20210421,1.json"
"5","TCDV,109,建,95,20210415,1","2021","20210415","臺灣臺中地方法院民事","給付工程款","建","95","ai_assumed","","50","600000","","是","","","1","1","1","1","1","0","業主可歸責、承包商可歸責、展延/免計工期爭議、實際損害不明/偏低、部分完成/部分驗收","1","1","1","1","1","","AI:業主可歸責、AI:承包商可歸責、AI:展延/免計工期爭議、AI:實際損害不明/偏低、AI:部分完成/部分驗收","405","（七）按解釋契約，固須探求當事人立約時之真意，不能拘泥於 契約之文字，但契約之文字已表示當事人真意，無須別事 探求者，即不得反捨契約文字而更為曲解。系爭契約既已 明定系爭逾期違約金為「損害賠償額預定性違約金」，本 件違約金即應受損害賠償機能之限制，從而約定之損害賠 償總額預定性質違約金是否過高，應衡量債權人實際上因 契約履行所受損害而定之。觀諸系爭契約之目的在於改良 基地地質，以便有效利用並還地予台中港務分公司，如第 一分項工程如未達成預定趕工結果，亦僅使第一分項工程 之政策...","02_輸入資料/法律課程資料庫-20260707T080337Z-3-001/法律課程資料庫/依年份分類/202104/臺灣臺中地方法院民事/TCDV,109,建,95,20210415,1.json"
"6","TNHV,109,建上更一,3,20210420,1","2021","20210420","臺灣高等法院臺南分院民事","給付工程款","建上更一","3","ai_assumed","28051067","88","28051067","2468488","是","0.088","0.912","1","1","1","1","1","0","業主可歸責、承包商可歸責、展延/免計工期爭議、實際損害不明/偏低、部分完成/部分驗收","1","1","1","1","1","","AI:業主可歸責、AI:承包商可歸責、AI:展延/免計工期爭議、AI:實際損害不明/偏低、AI:部分完成/部分驗收","396","予累計）。又系爭工程已於101年3月7日完成全部工程，被 上訴人以磁磚有一小部分貼附錯誤為由要求伊重新貼附，並 以重新貼附完成日即101年3月11日為停工日，致錯誤多計算 4天逾期工期。再被上訴人驗收期程亦不合理，致多認定逾 期22天。而伊未完成履約部分並不影響其他未完成部分之使 用，且約定之違約金亦屬過高，應予酌減。又系爭工程因停 工131日，伊因此增加必要費用2,952,474元（勞工安全衛生 管理費2,027,400元、環境保護費392,064元、品質管理費533,01...","02_輸入資料/法律課程資料庫-20260707T080337Z-3-001/法律課程資料庫/依年份分類/202104/臺灣高等法院臺南分院民事/TNHV,109,建上更一,3,20210420,1.json"
"7","CHDV,110,建,4,20210430,1","2021","20210430","臺灣彰化地方法院民事","給付工程款等","建","4","ai_assumed","183748572","86","1422214","1422214","否","1","0","1","1","1","1","1","0","業主可歸責、承包商可歸責、展延/免計工期爭議、實際損害不明/偏低、部分完成/部分驗收","1","1","1","1","1","","AI:業主可歸責、AI:承包商可歸責、AI:展延/免計工期爭議、AI:實際損害不明/偏低、AI:部分完成/部分驗收","259","度亦受影響， 故原告隆和春公司未依契約規定期限完成土石載運作業，並 無可歸責之事由，被告以此扣罰原告隆和春公司逾期違約金 15,802,377元即屬無據。 縱認系爭土石標作業遲延係可歸責於原告隆和春公司，然本 件土石標逾期部分若依系爭土石標售契約書第三條第三款計 算逾期違約金為15,802,377元仍屬過高，蓋系爭工程於預定 完工日即109年5月19日時已完成之載運作業進度累計為91% ，原告隆和春公司就系爭土石標部分實已為部分履行，且履 行部分已能發揮防洪功能，而達預期使...","02_輸入資料/法律課程資料庫-20260707T080337Z-3-001/法律課程資料庫/依年份分類/202104/臺灣彰化地方法院民事/CHDV,110,建,4,20210430,1.json"
"8","TNHV,106,建上,8,20210408,1","2021","20210408","臺灣高等法院臺南分院民事","給付工程款","建上","8","ai_assumed","115680","54","4232075","3856000","是","0.911137","0.088863","1","0","1","1","1","1","業主可歸責、展延/免計工期爭議、實際損害不明/偏低、部分完成/部分驗收、業主已使用/受益","1","","1","1","1","1","AI:業主可歸責、AI:展延/免計工期爭議、AI:實際損害不明/偏低、AI:部分完成/部分驗收、AI:業主已使用/受益","259","年11月21日合意終 止契約，被上訴人亦自承上訴人所提送之工程相關缺失僅為工 程圖面及書面缺失(見原證34)。則被上訴人又發文告知上訴人 改善期限為同年7月17日，故實際上上訴人驗收逾期應自同年7 月18日至9月10日，合計54日而已(上訴人否認)。爰依民法第179條規定，請求被上訴人返還此部分金額；如非有理由，其另 依民法第252條規定，請求酌減違約金。 ⒊被上訴人應給付上訴人法定遲延利息110,834元部分： 兩造合意終止系爭契約後，被上訴人即應依約給付餘款並退還 其履約...","02_輸入資料/法律課程資料庫-20260707T080337Z-3-001/法律課程資料庫/依年份分類/202104/臺灣高等法院臺南分院民事/TNHV,106,建上,8,20210408,1.json"
"9","TPHV,108,建上,80,20210519,3","2021","20210519","臺灣高等法院民事","給付工程款","建上","80","ai_assumed","89935478","28","89935478","89935478","否","1","0","1","1","1","1","1","0","業主可歸責、承包商可歸責、展延/免計工期爭議、實際損害不明/偏低、部分完成/部分驗收","1","1","1","1","1","","AI:業主可歸責、AI:承包商可歸責、AI:展延/免計工期爭議、AI:實際損害不明/偏低、AI:部分完成/部分驗收","478","前 開逾期扣款，而前開扣款並非有理，上訴人國防部政治作戰 局就該部分難認已經給付工程款，備位聲明依系爭契約第9 條約定，請求上訴人國防部政治作戰局給付該數額工程款。 又縱認被上訴人逾期完工，惟於102年1 月11日已完成至少98.47 ％，上訴人國防部政治作戰局仍依契約總價計罰逾期違 約金，顯然過高，應依民法第252 條規定酌減違約金。另就 展延工期151 天，依同法第491 條、第227 條之2 情事變更 原則，請求上訴人國防部政治作戰局給付展延工期期間與時 間成本關聯之費...","02_輸入資料/法律課程資料庫-20260707T080337Z-3-001/法律課程資料庫/依年份分類/202105/臺灣高等法院民事/TPHV,108,建上,80,20210519,3.json"
"10","TPDV,109,建,376,20210528,1","2021","20210528","臺灣臺北地方法院民事","給付工程款","建","376","ai_assumed","18062990","376","9033281","9033281","否","1","0","0","1","1","1","1","0","承包商可歸責、展延/免計工期爭議、實際損害不明/偏低、部分完成/部分驗收","","1","1","1","1","","AI:承包商可歸責、AI:展延/免計工期爭議、AI:實際損害不明/偏低、AI:部分完成/部分驗收","355","次6 「北棟二樓左右側電梯廳裝修及機電工程」及項次7「北棟 二樓綺麗珊瑚廁所修改工程」等工程，原告並未逾期，縱有 逾期亦不可歸責原告，被告不得扣罰逾期違約金。況縱認原 告得扣罰逾期違約金，被告扣罰逾期違約金之比例為百分之 1、千分之3、千分之5不等，均較政府採購契約範本所定扣 罰比例千分之1為高，依民法第252條規定亦應予以酌減，故 被告至多僅得扣罰逾期違約金2,071,571元，原告至少仍得 請求被告給付7,995,354元，為此，爰依民法第490條、第505條規定提起訴訟...","02_輸入資料/法律課程資料庫-20260707T080337Z-3-001/法律課程資料庫/依年份分類/202105/臺灣臺北地方法院民事/TPDV,109,建,376,20210528,1.json"
"11","CHDV,108,建,3,20210621,1","2021","20210621","臺灣彰化地方法院民事","給付工程款等","建","3","ai_assumed","4262175","94","5499846","5499846","否","1","0","0","1","0","1","1","0","承包商可歸責、實際損害不明/偏低、部分完成/部分驗收","","1","","1","1","","AI:承包商可歸責、AI:實際損害不明/偏低、AI:部分完成/部分驗收","348","計算式：58,509×94=5,499,846) 。 4.又原告於施作系爭清水工程時，因原告施作之板模平整度不 足，導致混凝土澆置後壁面歪斜，造成地磚與牆面前後切割 尺寸發生差異，被告委請矽利康為地磚與牆歪斜面做填補收 尾，支出31,859元。又原告所施作室內地坪模板之高度發生 錯誤，造成混凝土澆置後地面過高無法進行門框安裝，被告 以地坪打石、修改提高門框腳鍊之方式修復，支出4,725元 。再原告施作A、B、C區之模板工程尺寸不正確，被告雇用 打石工，支出3,000元、6,3...","02_輸入資料/法律課程資料庫-20260707T080337Z-3-001/法律課程資料庫/依年份分類/202106/臺灣彰化地方法院民事/CHDV,108,建,3,20210621,1.json"
"12","TPDV,107,建,379,20211125,1","2021","20211125","臺灣臺北地方法院民事","給付工程款","建","379","ai_assumed","73400000","45","3419568","3419568","否","1","0","1","1","1","1","1","0","業主可歸責、承包商可歸責、展延/免計工期爭議、實際損害不明/偏低、部分完成/部分驗收","1","1","1","1","1","","AI:業主可歸責、AI:承包商可歸責、AI:展延/免計工期爭議、AI:實際損害不明/偏低、AI:部分完成/部分驗收","504","逾期45日為由，不當扣罰伊逾期違約金341萬9568 元，伊經合理展延後既未逾期，被告自不得扣罰逾期違約金 ，應如數給付伊工程款。縱認被告得扣罰逾期違約金，伊在 被告諸多繁多變更設計、要求配合展覽等情形下，仍積極配 合調動人員、調整工班、訂購材料，不惜虧損耗費巨大之金 錢及時間成本始能完成系爭工程，仍請本院依民法第252條 規定酌減違約金以維伊生存機會，酌減後差額，被告應依不 當得利規定返還伊。為此，爰依系爭契約法律關係、民法第 490條、第179條規定提起本件訴訟。並聲明：...","02_輸入資料/法律課程資料庫-20260707T080337Z-3-001/法律課程資料庫/依年份分類/202111/臺灣臺北地方法院民事/TPDV,107,建,379,20211125,1.json"
"13","PCDV,107,建,2,20211221,1","2021","20211221","臺灣新北地方法院民事","給付工程款等","建","2","ai_assumed","28892899","262","4057057","1400893","是","0.345298","0.654702","1","1","1","0","1","1","業主可歸責、承包商可歸責、展延/免計工期爭議、部分完成/部分驗收、業主已使用/受益","1","1","1","","1","1","AI:業主可歸責、AI:承包商可歸責、AI:展延/免計工期爭議、AI:部分完成/部分驗收、AI:業主已使用/受益","710","等，第三方公 正鑑定機關之鑑定報告(鑑定報告第I頁鑑定結論(五)及第 26～28頁、鑑定報告第VIII頁鑑定結論(十一)及第60～62頁 )已有充分釐清說明。 (2)懸臂段支撐構造：有關被告「辯論意旨狀」第21頁「(二) 」內容以片段不完整之內容主張鑑定合理單價35,000元/m 過高不合理。第三方公正鑑定機關之鑑定報告(鑑定報告 第V～VI頁鑑定結論(八)-7及第50～52、54頁)已有充分釐清 說明。故被告「辯論意旨狀」第21頁「(二)2(2)」所述「 ……價差達11.2...","02_輸入資料/法律課程資料庫-20260707T080337Z-3-001/法律課程資料庫/依年份分類/202112/臺灣新北地方法院民事/PCDV,107,建,2,20211221,1.json"
"14","CHDV,107,建,30,20211222,1","2021","20211222","臺灣彰化地方法院民事","給付工程款","建","30","ai_assumed","2666225773","307","818531312","34293685","是","0.041897","0.958103","1","1","1","1","1","1","業主可歸責、承包商可歸責、展延/免計工期爭議、實際損害不明/偏低、部分完成/部分驗收、業主已使用/受益","1","1","1","1","1","1","AI:業主可歸責、AI:承包商可歸責、AI:展延/免計工期爭議、AI:實際損害不明/偏低、AI:部分完成/部分驗收、AI:業主已使用/受益","487","新台幣 （下同）818,531,312元，此已逾契約總金額20％，應以系 爭契約約定之總金額20％上限即533,245,155元作為違約金 總額。被告忽略系爭工程早已於104年12月1日開放，幾乎 全區使用之事實，逕以系爭契約價金之總額計罰逾期違約 金之行為已屬可議，況其所要求之違約金亦屬過高，顯然 逾越合理之範圍，故原告無法接受被告之主張，原告就缺 失改善逾期部分僅承認1,920,000元之計罰。 ㈢原告前對被告請求給付上開系爭契約變更追加後之工程款 ，主張不應對原告計罰逾...","02_輸入資料/法律課程資料庫-20260707T080337Z-3-001/法律課程資料庫/依年份分類/202112/臺灣彰化地方法院民事/CHDV,107,建,30,20211222,1.json"
"15","TPDV,105,建,400,20211227,1","2021","20211227","臺灣臺北地方法院民事","給付工程款等","建","400","ai_assumed","64808307","383","64808307","64808307","否","1","0","1","1","1","1","1","1","業主可歸責、承包商可歸責、展延/免計工期爭議、實際損害不明/偏低、部分完成/部分驗收、業主已使用/受益","1","1","1","1","1","1","AI:業主可歸責、AI:承包商可歸責、AI:展延/免計工期爭議、AI:實際損害不明/偏低、AI:部分完成/部分驗收、AI:業主已使用/受益","361","業因受領系爭工程而推定拋棄其權利，不得再以逾期為由主 張扣款。又本件逾期違約金性質屬民法第250條第2項規定之 損害賠償總額預定性違約金，以債權人受有損害時方能請求 ，被告應舉證受有何種損害，否則不得請求。原告已將系爭 工程全部完成並交由被告先行使用而受有利益，故計算違約 金時，應扣除先行使用部分之工程款，以酌減違約金。 2.被告主張修繕費用部分： 系爭工程於交付後始生損壞，並非原告施工瑕疵，依民法第 508條規定應由被告自行承擔損壞之危險，且被告於修繕前 並未定期催告原告修...","02_輸入資料/法律課程資料庫-20260707T080337Z-3-001/法律課程資料庫/依年份分類/202112/臺灣臺北地方法院民事/TPDV,105,建,400,20211227,1.json"
"16","TPDV,107,建,335,20211229,2","2021","20211229","臺灣臺北地方法院民事","給付工程款","建","335","ai_assumed","2999990","19","88575000","69841893","是","0.788506","0.211494","1","1","1","1","1","1","業主可歸責、承包商可歸責、展延/免計工期爭議、實際損害不明/偏低、部分完成/部分驗收、業主已使用/受益","1","1","1","1","1","1","AI:業主可歸責、AI:承包商可歸責、AI:展延/免計工期爭議、AI:實際損害不明/偏低、AI:部分完成/部分驗收、AI:業主已使用/受益","279","被告就基樁工程提出 辦理工法變更，然原告審查結果不同意變更工法，致嚴重延 誤整體工程之工期。再者，原告請求逾期違約金1億2600萬 元，再加計已沒收之履約保證金6257萬5000元，總額達1億8857萬5000元；對照被告施工進度達69.19%，剩餘履約契約 價金約為7.85億元，裁罰違約金高達24%，實屬過高，應予 酌減等語置辯。並聲明：㈠原告之訴駁回。㈡如受不利判決， 願供擔保，請准宣告免為假執行。 三、經查，兩造於101年7月24日簽訂工程採購契約（即系爭契約 ），由被...","02_輸入資料/法律課程資料庫-20260707T080337Z-3-001/法律課程資料庫/依年份分類/202112/臺灣臺北地方法院民事/TPDV,107,建,335,20211229,2.json"
"17","KSHV,109,建上,26,20220309,1","2022","20220309","臺灣高等法院高雄分院民事","返還不當得利","建上","26","ai_assumed","15050756","210","16067589","12007487","是","0.747311","0.252689","1","1","1","1","1","1","業主可歸責、承包商可歸責、展延/免計工期爭議、實際損害不明/偏低、部分完成/部分驗收、業主已使用/受益","1","1","1","1","1","1","AI:業主可歸責、AI:承包商可歸責、AI:展延/免計工期爭議、AI:實際損害不明/偏低、AI:部分完成/部分驗收、AI:業主已使用/受益","437","要點）辦理」，惟 系爭工期要點第2 條第2 項規定「重要或特殊工程必須限期 完工，而另行於契約中訂定工期計算方式者，不適用本要點 」，系爭工程即屬限期完工之工程，故系爭工程並不適用系 爭工期要點。退步言之，縱認有系爭工期要點之適用，茂銓 公司請求展延或不計工期，均無理由。再者，兩造約定之逾 期違約金並無過高，不應酌減等語，資為抗辯。 四、原審判命新工處應給付茂銓公司1,126 萬7,589 元，及其中 94萬5,153 元自108 年6 月11日起、其餘1,032 萬2,43...","02_輸入資料/法律課程資料庫-20260707T080337Z-3-001/法律課程資料庫/依年份分類/202203/臺灣高等法院高雄分院民事/KSHV,109,建上,26,20220309,1.json"
"18","TCDV,107,建,70,20220317,4","2022","20220317","臺灣臺中地方法院民事","給付工程款","建","70","ai_assumed","99696316","145","9977357","9977357","否","1","0","1","1","1","1","1","1","業主可歸責、承包商可歸責、展延/免計工期爭議、實際損害不明/偏低、部分完成/部分驗收、業主已使用/受益","1","1","1","1","1","1","AI:業主可歸責、AI:承包商可歸責、AI:展延/免計工期爭議、AI:實際損害不明/偏低、AI:部分完成/部分驗收、AI:業主已使用/受益","422","星合約屬定型化契約，工程有諸多二次施工、變更設 計係在取得使用執照後，致原告無法在期限內完成初驗及缺 失改善，違約金約定有重大不利益，被告亦未給予原告磋商 變更條款，對原告顯失公平，依民法第247條之1規定即屬無 效（最高法院104年度台上字第472號判決意旨）。 ⒊被告主張1億997萬7,357元逾期違約金，亦屬過高，應適用民 法第252條予以酌減。 二、國美天藏工程： ㈠兩造於103 年7 月4 日簽立工程合約書（下稱國美天藏合約 ），由原告承攬被告「臺中市西區土庫段11...","02_輸入資料/法律課程資料庫-20260707T080337Z-3-001/法律課程資料庫/依年份分類/202203/臺灣臺中地方法院民事/TCDV,107,建,70,20220317,4.json"
"19","KSHV,109,建上,33,20220316,1","2022","20220316","臺灣高等法院高雄分院民事","給付工程款","建上","33","ai_assumed","7248666000","117","632825083","510942507","是","0.807399","0.192601","1","1","1","1","1","0","業主可歸責、承包商可歸責、展延/免計工期爭議、實際損害不明/偏低、部分完成/部分驗收","1","1","1","1","1","","AI:業主可歸責、AI:承包商可歸責、AI:展延/免計工期爭議、AI:實際損害不明/偏低、AI:部分完成/部分驗收","306","。 ⑷證人廖清諺則於本院證述系爭協議書是上訴人攜回簽完 後再寄過來的，簽訂時其並不在場，其認為兩造簽署系 爭協議時，已就實際機械完工日、逾期天數、違約金部 分達成共識，即如系爭協議書內容所示，就逾期天數之 記載亦為兩造真意，並非暫定，兩造當時並未就違約金 是否過高進行討論，而因工程會的調解建議書沒有提到 機械完工日，只有提到展延工期118天，若沒有確定機 械完工日會無法計算違約金，上訴人就無法即時領到工 程款等語（見本院卷一第382至384頁）。 ⑸經核上開4名證人對系爭協議...","02_輸入資料/法律課程資料庫-20260707T080337Z-3-001/法律課程資料庫/依年份分類/202203/臺灣高等法院高雄分院民事/KSHV,109,建上,33,20220316,1.json"
"20","HLHV,109,建上,6,20220413,1","2022","20220413","臺灣高等法院花蓮分院民事","給付違約金等","建上","6","ai_assumed","1852588","178","7057320","5909864","是","0.837409","0.162591","1","1","1","1","1","1","業主可歸責、承包商可歸責、展延/免計工期爭議、實際損害不明/偏低、部分完成/部分驗收、業主已使用/受益","1","1","1","1","1","1","AI:業主可歸責、AI:承包商可歸責、AI:展延/免計工期爭議、AI:實際損害不明/偏低、AI:部分完成/部分驗收、AI:業主已使用/受益","619","103年12月29日屆 至106年12月28日止，且臺東大學亦於105年7月5日簽認本 案工程確已完成「全面性保固」維修修繕表，伊之保固責 任已了，臺東大學本項請求之依據已不復存在。 (六)臺東大學委託監造單位所設計弧形檢索桌之「形狀樣式」 於承攬期間僅一家供應商獨有，且其出售價格超出契約預 算過高，臺東大學亦曾明確告知並無補編預算之意願，伊 所施作之完成品除外觀上之形狀樣式未合於監造單位主觀 意想，其他規格皆符合契約條件，其功能效益完備，且品 質及安全皆無疑慮，然該工項於1...","02_輸入資料/法律課程資料庫-20260707T080337Z-3-001/法律課程資料庫/依年份分類/202204/臺灣高等法院花蓮分院民事/HLHV,109,建上,6,20220413,1.json"
"21","PCDV,109,建,93,20220412,1","2022","20220412","臺灣新北地方法院民事","給付工程款","建","93","ai_assumed","3110410","690","17950675","7202339","是","0.401229","0.598771","1","1","1","0","1","0","業主可歸責、承包商可歸責、展延/免計工期爭議、部分完成/部分驗收","1","1","1","","1","","AI:業主可歸責、AI:承包商可歸責、AI:展延/免計工期爭議、AI:部分完成/部分驗收","583","1萬410元，換算每日逾期計罰3,110元，逾 期465日為144萬6,150元，然因系爭契約並未約定逾分段進 度之逾期違約金額，被告前開計算顯無契約依據，且履約期 間縱遇有被告交付用地遲延等情形，原告仍戮力攢趕工進， 原告於第二階段完工前並無給付義務及給付遲延，被告扣罰 144萬6,150元實屬過苛，請求依民法第252條規定予以酌減 。 ⒊第二階段逾期2天逾期違約金53萬7,816元： 被告於107年11月15日函文向原告表示剩餘土石方於107年11 月15日（30日內）清...","02_輸入資料/法律課程資料庫-20260707T080337Z-3-001/法律課程資料庫/依年份分類/202204/臺灣新北地方法院民事/PCDV,109,建,93,20220412,1.json"
"22","TYDV,109,建,32,20220408,1","2022","20220408","臺灣桃園地方法院民事","給付工程款","建","32","ai_assumed","31210005","160","5072569","5072569","否","1","0","1","1","1","1","1","1","業主可歸責、承包商可歸責、展延/免計工期爭議、實際損害不明/偏低、部分完成/部分驗收、業主已使用/受益","1","1","1","1","1","1","AI:業主可歸責、AI:承包商可歸責、AI:展延/免計工期爭議、AI:實際損害不明/偏低、AI:部分完成/部分驗收、AI:業主已使用/受益","482","入之展延天數21.5天+被告應展延卻未展延之天數10.5日＝ 122日），原告實際於「B760體育館工區」使用工期為254天，故就「B760體育館工區」逾期天數應為132天。 ⒋再者，被告依系爭契約第18條以每日1%計算逾期違約金，未 審酌被告是否實際受有損害，有失公平，應依公共工程慣例 調降至1‰，請准依民法第252條規定酌減，以維公允。 ㈡工期展延增生與時間關聯費用395萬7,252元： 舉凡因天候因素、屋頂曝曬工程、營區演訓道路管制等不可 歸責於伊之事由，卻妨礙伊進場施...","02_輸入資料/法律課程資料庫-20260707T080337Z-3-001/法律課程資料庫/依年份分類/202204/臺灣桃園地方法院民事/TYDV,109,建,32,20220408,1.json"
"23","TPDV,110,建,177,20220407,1","2022","20220407","臺灣臺北地方法院民事","給付逾期違約金","建","177","ai_assumed","8600000","30","1058423","1058423","否","1","0","1","0","1","1","1","0","業主可歸責、展延/免計工期爭議、實際損害不明/偏低、部分完成/部分驗收","1","","1","1","1","","AI:業主可歸責、AI:展延/免計工期爭議、AI:實際損害不明/偏低、AI:部分完成/部分驗收","338","施作完 成預計可獲得之價金僅為77萬7,500元（8月615,500元＋9月162,000元），原告於8、9月份所受之損害不應該超過77萬7, 500元。況伊於109年8、9月份仍有派員進場施作打草，是原 告已受有利益，所受損害有限，但原告主張之109年8、9月 份逾期計罰總額高達167萬6,970元，實屬過高，請求依民法 第251條、第252條規定酌減違約金等語。 ㈤並聲明：⒈原告之訴及其假執行之聲請均駁回。⒉如受不利益 判決，願供擔保，請准予宣告免為假執行 三、兩造不爭執...","02_輸入資料/法律課程資料庫-20260707T080337Z-3-001/法律課程資料庫/依年份分類/202204/臺灣臺北地方法院民事/TPDV,110,建,177,20220407,1.json"
"24","TPDV,103,建,430,20220531,1","2022","20220531","臺灣臺北地方法院民事","給付工程款","建","430","ai_assumed","35802452","150","27160490","3395567","是","0.125019","0.874981","1","1","1","0","1","0","業主可歸責、承包商可歸責、展延/免計工期爭議、部分完成/部分驗收","1","1","1","","1","","AI:業主可歸責、AI:承包商可歸責、AI:展延/免計工期爭議、AI:部分完成/部分驗收","472","經展延後，伊並未逾期，卻遭被告扣逾期違約金。依系爭契 約第3條第2款及第5條第1款第3目、民法第491條第1項、第179條規定，請求被告返還所扣逾期違約金2,716萬0,490元。 ⑽退步言，因被告實際上未因遲延而受有損失，被告請求伊賠 償至最高額度違約金即契約總價20％，並非公允。應按民法 第251條、第252條規定予以酌減。系爭發電機工程於約定完 工日即102年6月11日前，累計估驗計價金額達6,621萬4,989 元，在已完成之工作部分，被告並無未受有損害。於計算違 約...","02_輸入資料/法律課程資料庫-20260707T080337Z-3-001/法律課程資料庫/依年份分類/202205/臺灣臺北地方法院民事/TPDV,103,建,430,20220531,1.json"
"25","TCHV,111,建上更一,6,20220531,1","2022","20220531","臺灣高等法院臺中分院民事","請求給付工程款","建上更一","6","ai_assumed","26602465","355","5268293","5268293","否","1","0","0","1","0","1","1","1","承包商可歸責、實際損害不明/偏低、部分完成/部分驗收、業主已使用/受益","","1","","1","1","1","AI:承包商可歸責、AI:實際損害不明/偏低、AI:部分完成/部分驗收、AI:業主已使用/受益","306","伊承攬系 爭工程，除自有資金外，尚需向銀行借款調度支應各項費用 ，而依財政部發布之營利事業各業所得額及同業利潤標準（ 下簡稱同業利潤標準），伊就系爭工程之利潤僅8%，所得額 約7%，伊遭扣罰系爭契約金額之20%即526萬8293元之違約金 ，非但無任何利潤，仍須支付下游廠商各項費用及銀行貸款 ，顯屬過高，應予酌減後返還伊。爰依系爭契約及民法第252條、第179條規定，擇一求為命被上訴人給付伊372萬9528 元之本息(原審為上訴人敗訴之判決，上訴人不服，提起上 訴；未繫屬本院...","02_輸入資料/法律課程資料庫-20260707T080337Z-3-001/法律課程資料庫/依年份分類/202205/臺灣高等法院臺中分院民事/TCHV,111,建上更一,6,20220531,1.json"
"26","TCHV,110,建上,69,20220621,1","2022","20220621","臺灣高等法院臺中分院民事","給付工程款等","建上","69","ai_assumed","4393226","420","4393226","3798717","是","0.864676","0.135324","0","1","0","1","1","0","承包商可歸責、實際損害不明/偏低、部分完成/部分驗收","","1","","1","1","","AI:承包商可歸責、AI:實際損害不明/偏低、AI:部分完成/部分驗收","534","款236萬元，上訴人同 意以20%計算（即每日2,000元），各減為80萬9709元、45萬 4980元（詳附表一、二「上訴人主張欄」）。上訴人以上開 逾期違約金及懲罰性罰款之債權合計281萬2870元，依A、B 契約第17條第㈢項及第14條第㈢項約定，與被上訴人請求之工 程款及履約保證金辦理扣抵。又就違約金酌減後返還之金額 ，需待法院為酌減裁判之法律效果形成後，始有給付遲延而 須支付法定遲延利息，是本件遲延利息應自本判決確定翌日 起算等語，資為抗辯。並上訴聲明：㈠原判決關於...","02_輸入資料/法律課程資料庫-20260707T080337Z-3-001/法律課程資料庫/依年份分類/202206/臺灣高等法院臺中分院民事/TCHV,110,建上,69,20220621,1.json"
"27","TCHV,108,建上更一,25,20220614,1","2022","20220614","臺灣高等法院臺中分院民事","給付工程款等","建上更一","25","ai_assumed","4396823","44","99927796","2990007","是","0.029922","0.970078","1","1","1","1","1","1","業主可歸責、承包商可歸責、展延/免計工期爭議、實際損害不明/偏低、部分完成/部分驗收、業主已使用/受益","1","1","1","1","1","1","AI:業主可歸責、AI:承包商可歸責、AI:展延/免計工期爭議、AI:實際損害不明/偏低、AI:部分完成/部分驗收、AI:業主已使用/受益","475","展延工期132工作天至98年8月19日預定完工日，樺園公司於 98年9月26日竣工，並於99年2月5日驗收合格，工程結算金 額爲9,992萬7,796元。 ㈡樺園公司依行政院公共工程委員會（下稱公程會）鑑定結果 ，於系爭工程固有逾期25工作天，水利署並未受有實際損害 ，且系爭工程已發揮防洪功能，兩造約定之逾期違約金過高 ，應予酌減50%爲124萬9,098元（計算式：99,927,796元×1/ 1000×25日×1/2＝1,249,098元），惟水利署結算驗收時，依 台灣世...","02_輸入資料/法律課程資料庫-20260707T080337Z-3-001/法律課程資料庫/依年份分類/202206/臺灣高等法院臺中分院民事/TCHV,108,建上更一,25,20220614,1.json"
"28","PCDV,109,建,79,20220630,1","2022","20220630","臺灣新北地方法院民事","給付工程款等","建","79","ai_assumed","6405309","24","8184863","8184863","否","1","0","1","1","1","1","1","0","業主可歸責、承包商可歸責、展延/免計工期爭議、實際損害不明/偏低、部分完成/部分驗收","1","1","1","1","1","","AI:業主可歸責、AI:承包商可歸責、AI:展延/免計工期爭議、AI:實際損害不明/偏低、AI:部分完成/部分驗收","354","加計前述各 項應予展延之日數後，應展延至101年6月18日，且逾期違約 金以每日以價金萬分之1計算業已超過原告因系爭工程約定 原本可獲得之利潤474萬8,100元（即系爭契約「（十二）統 包商管理費及利潤-詳細價目表12」中第7項「統包商利潤」 6,982萬5,000元×6.8%＝474萬8,100元），顯有過高之情應予 酌減，前案已肯認系爭工程之違約金計算應酌減至按系爭契 約總價萬分之1按日計算，始與原告之履約比例相當，則據 以計算被告得扣罰原告之逾期懲罰性違約金應為50萬...","02_輸入資料/法律課程資料庫-20260707T080337Z-3-001/法律課程資料庫/依年份分類/202206/臺灣新北地方法院民事/PCDV,109,建,79,20220630,1.json"
"29","TPHV,109,建上,30,20220803,2","2022","20220803","臺灣高等法院民事","給付工程款","建上","30","ai_assumed","53390000","900","78197142","35663175","是","0.456067","0.543933","1","1","1","1","1","0","業主可歸責、承包商可歸責、展延/免計工期爭議、實際損害不明/偏低、部分完成/部分驗收","1","1","1","1","1","","AI:業主可歸責、AI:承包商可歸責、AI:展延/免計工期爭議、AI:實際損害不明/偏低、AI:部分完成/部分驗收","442","上訴人於公共道路運送材料 或設備時，應遵守交通道路管理相關法令。而依卷附林國 正立委於104年7月30日召開運輸事件安全座談會議紀錄記 載：「事件起因：大林工地因近期重件運輸（超長超寬尺 寸）風煙道設備，在7/13清晨05：00在（鳳鼻頭）預組場 地，工地委由惠達公司運輸風煙道設備，因高度過高，不 慎損壞台17線道上之紅綠燈號誌…，因未立即報警備案， 由當地鳳鳴里-前里長下午發現報警，…7/23上午-兩位里 長…前往找台電南施處投訴-向唐處長及公關經理及中鼎PS M、OM，提...","02_輸入資料/法律課程資料庫-20260707T080337Z-3-001/法律課程資料庫/依年份分類/202208/臺灣高等法院民事/TPHV,109,建上,30,20220803,2.json"
"30","TPHV,109,建上,31,20220803,2","2022","20220803","臺灣高等法院民事","給付工程款等","建上","31","ai_assumed","53390000","900","78197142","35663175","是","0.456067","0.543933","1","1","1","1","1","0","業主可歸責、承包商可歸責、展延/免計工期爭議、實際損害不明/偏低、部分完成/部分驗收","1","1","1","1","1","","AI:業主可歸責、AI:承包商可歸責、AI:展延/免計工期爭議、AI:實際損害不明/偏低、AI:部分完成/部分驗收","442","上訴人於公共道路運送材料 或設備時，應遵守交通道路管理相關法令。而依卷附林國 正立委於104年7月30日召開運輸事件安全座談會議紀錄記 載：「事件起因：大林工地因近期重件運輸（超長超寬尺 寸）風煙道設備，在7/13清晨05：00在（鳳鼻頭）預組場 地，工地委由惠達公司運輸風煙道設備，因高度過高，不 慎損壞台17線道上之紅綠燈號誌…，因未立即報警備案， 由當地鳳鳴里-前里長下午發現報警，…7/23上午-兩位里 長…前往找台電南施處投訴-向唐處長及公關經理及中鼎PS M、OM，提...","02_輸入資料/法律課程資料庫-20260707T080337Z-3-001/法律課程資料庫/依年份分類/202208/臺灣高等法院民事/TPHV,109,建上,31,20220803,2.json"
"31","TPHV,107,建上,43,20220823,1","2022","20220823","臺灣高等法院民事","返還履約保證金等","建上","43","ai_assumed","81269886","23","97910051","967672","是","0.009883","0.990117","1","1","1","1","1","1","業主可歸責、承包商可歸責、展延/免計工期爭議、實際損害不明/偏低、部分完成/部分驗收、業主已使用/受益","1","1","1","1","1","1","AI:業主可歸責、AI:承包商可歸責、AI:展延/免計工期爭議、AI:實際損害不明/偏低、AI:部分完成/部分驗收、AI:業主已使用/受益","283","S~P5S橋墩結構物回填乙案，函請上訴人依照 施工技術規範第02317「構造物回填」之規定，施作結 構物之回填工項。上訴人則於98年3月29日復稱：回填 物包含營建廢棄物，不符依據前揭構造物回填規定，上 訴人原設計利用開挖材料回填，但因原開挖材料包含營 建廢棄物且含水量過高，不符作為回填材料之要求，故 請求被上訴人辦理追加。監造單位則於98年4月8日函復 ：含水量過高係上訴人施作橋墩基礎時未妥善處理排水 問題，且應依施工技術規範第02317章4.2節計價，已包 含所有費用，不...","02_輸入資料/法律課程資料庫-20260707T080337Z-3-001/法律課程資料庫/依年份分類/202208/臺灣高等法院民事/TPHV,107,建上,43,20220823,1.json"
"32","TPDV,109,建,151,20221031,2","2022","20221031","臺灣臺北地方法院民事","給付工程款等","建","151","ai_assumed","50700000","117","29893589","29893589","否","1","0","1","1","1","1","1","0","業主可歸責、承包商可歸責、展延/免計工期爭議、實際損害不明/偏低、部分完成/部分驗收","1","1","1","1","1","","AI:業主可歸責、AI:承包商可歸責、AI:展延/免計工期爭議、AI:實際損害不明/偏低、AI:部分完成/部分驗收","402","（下稱工程會）受理爭議調解案後提出調解建議並以調0000000號成立調解（下稱系爭調解），兩造同意被告給付原告4862萬2655元，並展延工期58日曆天。惟在上開成立調解範 圍外，被告尚應給付「因一例一休修法而應展延工期4天所 增生之管理費」、「因法定工時縮減而應展延工期13天所增 生之管理費」、「酌減逾期違約金」、「給付營業稅款」、 「契約允許超挖50公分範圍之實做數量計價工程款」、「因 展延工期期間所增生迴淤量之浚挖工程款」，合計1億6880 萬3322元，茲分述如下： ...","02_輸入資料/法律課程資料庫-20260707T080337Z-3-001/法律課程資料庫/依年份分類/202210/臺灣臺北地方法院民事/TPDV,109,建,151,20221031,2.json"
"33","TNHV,109,建上,22,20221011,1","2022","20221011","臺灣高等法院臺南分院民事","延遲給付工程款之利息等","建上","22","ai_assumed","37300000","210","440838","396754","是","0.9","0.1","1","0","0","1","1","1","業主可歸責、實際損害不明/偏低、部分完成/部分驗收、業主已使用/受益","1","","","1","1","1","AI:業主可歸責、AI:實際損害不明/偏低、AI:部分完成/部分驗收、AI:業主已使用/受益","372","自負擔。 上訴人假執行之聲請駁回。 事實及理由 甲、程序方面： 按第二審訴之變更或追加，非經他造同意，不得為之，但請 求之基礎事實同一者、擴張或減縮應受判決事項之聲明者， 不在此限，民事訴訟法第446條第1項、第255條第1項第2、3 款定有明文。上訴人即附帶被上訴人（下稱上訴人）上訴後 ，就原請求酌減並返還因超估遭被上訴人即附帶上訴人（下 稱被上訴人）處罰之違約金新臺幣（下同）396,754元本息 部分，追加請求44,084元本息，並追加依民法第231條、第229條第2項規...","02_輸入資料/法律課程資料庫-20260707T080337Z-3-001/法律課程資料庫/依年份分類/202210/臺灣高等法院臺南分院民事/TNHV,109,建上,22,20221011,1.json"
"34","ULDV,111,訴,67,20221004,1","2022","20221004","臺灣雲林地方法院民事","給付工程款","訴","67","ai_assumed","1565800","120","1565800","1221324","是","0.78","0.22","0","1","1","1","1","0","承包商可歸責、展延/免計工期爭議、實際損害不明/偏低、部分完成/部分驗收","","1","1","1","1","","AI:承包商可歸責、AI:展延/免計工期爭議、AI:實際損害不明/偏低、AI:部分完成/部分驗收","306","有18日發生6.4 m/s以上風速，實不只2個 半日，被告僅同意展延1日，即有違誤。 ⒊承上，系爭工程如經展延合理工期95日（等待被告確認堆置 區62日+天候影響無法施工33日，共95日），即無逾期，不 應課予逾期違約金1,565,800元。 ㈢、退萬步言，本件縱認原告有逾期完工（惟原告否認之），違 約金數額亦屬過高，請依民法第252條予以酌減： ⒈按約定之違約金過高者，法院得減至相當之數額，民法第252條定有明文。至於是否相當，即須依一般客觀事實，社會 經濟狀況及當事人所受...","02_輸入資料/法律課程資料庫-20260707T080337Z-3-001/法律課程資料庫/依年份分類/202210/臺灣雲林地方法院民事/ULDV,111,訴,67,20221004,1.json"
"35","TPDV,105,建,293,20221130,3","2022","20221130","臺灣臺北地方法院民事","給付違約金等","建","293","ai_assumed","","30","6231023","6230650","是","0.99994","0.00006","1","1","1","0","1","0","業主可歸責、承包商可歸責、展延/免計工期爭議、部分完成/部分驗收","1","1","1","","1","","AI:業主可歸責、AI:承包商可歸責、AI:展延/免計工期爭議、AI:部分完成/部分驗收","460","2年10月28日，可知原告並未逾期完工，故被告不得扣 罰逾期完工之逾期違約金。甚且，縱認原告不得再執上開七 項事由請求展延工期，惟查，系爭工程所在學校已於102年9 月2日開學並先行使用校舍，並未造成該校損害，且系爭契 約第26條已訂有分段完工或移交之逾期違約金計算方式，則 被告按契約總價所計罰逾期違約金顯已過高，依民法第252 條規定，應酌減逾期完工之逾期違約金至0元（卷一152）。 爰依民法第179條之規定，請求被告如數返還前㈠被告扣罰之 逾期完工之逾期違約金，詳附表1之...","02_輸入資料/法律課程資料庫-20260707T080337Z-3-001/法律課程資料庫/依年份分類/202211/臺灣臺北地方法院民事/TPDV,105,建,293,20221130,3.json"
"36","KSDV,107,建,28,20221130,2","2022","20221130","臺灣高雄地方法院民事","給付工程款","建","28","ai_assumed","508870777","347","839888","38480","是","0.045816","0.954184","1","1","1","1","1","1","業主可歸責、承包商可歸責、展延/免計工期爭議、實際損害不明/偏低、部分完成/部分驗收、業主已使用/受益","1","1","1","1","1","1","AI:業主可歸責、AI:承包商可歸責、AI:展延/免計工期爭議、AI:實際損害不明/偏低、AI:部分完成/部分驗收、AI:業主已使用/受益","350","約金擇一請求；二為以強制債務之履行為目的，此種違約金 於債務人不履行債務時，債權人除得請求違約金外，並得請 求原來之給付或不履行之損害賠償。而當事人所約定之違約 金究屬何性質，應依當事人之意思定之，倘當事人未約定， 則視為因不履行而生損害之賠償總額，此觀民法第250條第2 項之規定自明；另按約定之違約金額過高者，法院得減至相 當之數額，民法第252條固定有明文，惟此規定乃係賦與法 官依兩造所提出之事證資料，斟酌社會經濟狀況並平衡兩造 利益而為妥適判斷之權限，然並未排除訴訟法上...","02_輸入資料/法律課程資料庫-20260707T080337Z-3-001/法律課程資料庫/依年份分類/202211/臺灣高雄地方法院民事/KSDV,107,建,28,20221130,2.json"
"37","TPHV,110,建上,9,20221230,1","2022","20221230","臺灣高等法院民事","給付工程款","建上","9","ai_assumed","68832878","614","83819608","83819608","否","1","0","1","1","1","0","1","0","業主可歸責、承包商可歸責、展延/免計工期爭議、部分完成/部分驗收","1","1","1","","1","","AI:業主可歸責、AI:承包商可歸責、AI:展延/免計工期爭議、AI:部分完成/部分驗收","447","市內 湖、木柵、北投垃圾焚化廠免費焚化處理，主辦機關每週合 計允許可焚化廢棄物之清運量為8,400噸/週，承包商每日清 運至各焚化廠之數量，應依主辦機關之調度辦理，承包商不 得拒絕亦不得以任何理由要求增加經費及工期，或要求任何 賠償及補償。各焚化廠歲修時，主辦機關可依各廠實際操作 狀況進行數量調配，酌減或酌增未歲修廠之進廠量。若有允 許進廠量不足情形，統包商須將無法進廠之可焚化廢棄物暫 存於工區，俟歲修後再視三焚化廠處理量由主辦機關指定增 加進廠數量，以期補足歲修期間進廠不足...","02_輸入資料/法律課程資料庫-20260707T080337Z-3-001/法律課程資料庫/依年份分類/202212/臺灣高等法院民事/TPHV,110,建上,9,20221230,1.json"
"38","CYDV,109,建,4,20230109,3","2023","20230109","臺灣嘉義地方法院民事","給付工程款","建","4","ai_assumed","17440853","7","3487008","3487008","否","1","0","1","1","1","1","1","1","業主可歸責、承包商可歸責、展延/免計工期爭議、實際損害不明/偏低、部分完成/部分驗收、業主已使用/受益","1","1","1","1","1","1","AI:業主可歸責、AI:承包商可歸責、AI:展延/免計工期爭議、AI:實際損害不明/偏低、AI:部分完成/部分驗收、AI:業主已使用/受益","1576","額為1,363,830元、「TAB測試 」結算金額為45,958元，以上開兩項未完成施作工項之契約 價金計算，每日逾期違約金應僅為4,229元【計算式：(1,363,830＋45,958)×3‰＝4,229】。 四、原告既已完成系爭工程全部工項，且被告已實際開始使用， 顯見被告受有遲延損害甚微，故系爭逾期違約金顯然過高， 故原告依民法第251條、第252等規定，懇請鈞院為違約金之 酌減，以維原告權益。 (一)本案逾期違約金性質為「損害賠償額預定性違約金」，依「 無損害即無賠償...","02_輸入資料/法律課程資料庫-20260707T080337Z-3-001/法律課程資料庫/依年份分類/202301/臺灣嘉義地方法院民事/CYDV,109,建,4,20230109,3.json"
"39","TPHV,109,建上,50,20230117,1","2023","20230117","臺灣高等法院民事","給付工程款","建上","50","ai_assumed","75418880","16","75418880","74215680","是","0.984046","0.015954","1","1","1","1","1","0","業主可歸責、承包商可歸責、展延/免計工期爭議、實際損害不明/偏低、部分完成/部分驗收","1","1","1","1","1","","AI:業主可歸責、AI:承包商可歸責、AI:展延/免計工期爭議、AI:實際損害不明/偏低、AI:部分完成/部分驗收","477","初驗後尚應進行複驗程序，複驗後還有交屋予 客戶之正驗（正式驗收）程序，階段不同，上訴人以其交屋 予買受人之日作為被上訴人初驗缺失改善完畢之日，亦有可 議，礙難採信，從而上訴人主張被上訴人遲誤15B初驗缺失 改善期間，應計逾期罰款7421萬5680元，為無理由。 ㈧被上訴人辯稱前揭逾期罰款（逾期違約金）約定金額過高， 應予酌減，是否有理？金額應為若干？ ⒈按約定之違約金過高者，法院得減至相當之數額，民法第252 條定有明文，此項核減，法院得以職權為之，亦得由債務人 訴請法院核減...","02_輸入資料/法律課程資料庫-20260707T080337Z-3-001/法律課程資料庫/依年份分類/202301/臺灣高等法院民事/TPHV,109,建上,50,20230117,1.json"
"40","TPDV,111,建,106,20230119,1","2023","20230119","臺灣臺北地方法院民事","確認工程款債權存在等","建","106","ai_assumed","96156326","26","20007945","20007945","否","1","0","1","1","0","1","1","1","業主可歸責、承包商可歸責、實際損害不明/偏低、部分完成/部分驗收、業主已使用/受益","1","1","","1","1","1","AI:業主可歸責、AI:承包商可歸責、AI:實際損害不明/偏低、AI:部分完成/部分驗收、AI:業主已使用/受益","271","款約10%（計 算式：2000萬7946元÷1億9615萬6326元×100%=10.2%）。 然餘聯公司施作之工作進度僅約3.8%未完成（計算式：756萬7294元÷1億9800萬元×100%=3.821%），卻有10%之承攬 報酬須以違約金方式返還，實反於民法第251條規定意旨 ，有違約金過高之情。是餘聯公司剩餘工程3.8%未完工， 被告因逾期所受損害，應以未完工比例計算，即以總工程 款3.8%為基準，按日以3‰計算逾期違約金，而應為每日2 萬2572元（計算式：1億98...","02_輸入資料/法律課程資料庫-20260707T080337Z-3-001/法律課程資料庫/依年份分類/202301/臺灣臺北地方法院民事/TPDV,111,建,106,20230119,1.json"
"41","TPHV,107,建上,38,20230221,1","2023","20230221","臺灣高等法院民事","給付違約金等","建上","38","ai_assumed","88548712","26","37709742","37709742","否","1","0","1","1","1","1","1","0","業主可歸責、承包商可歸責、展延/免計工期爭議、實際損害不明/偏低、部分完成/部分驗收","1","1","1","1","1","","AI:業主可歸責、AI:承包商可歸責、AI:展延/免計工期爭議、AI:實際損害不明/偏低、AI:部分完成/部分驗收","546",",887）。 ㈤、有關附表一編號5違約金部分：伊施作工項雖與規定不符，然 對於系爭工程並無重大影響，減價收受即以為足，實無必要 扣罰伊按減價金額2倍計算之懲罰性違約金。又系爭契約第4 條第1項違約金之性質應為損害賠償總額預定，陽明交大辦 理減價收受並未受有損害，扣罰伊2倍懲罰性違約金顯失公 平。原審雖予以酌減50%即81萬5,216元，仍屬過高等語，資 為抗辯。 乙、反訴及追加部分： 一、豪昱等2公司主張：系爭工程經2次變更設計後總價為1億8,854萬8,712元，扣除伊已請...","02_輸入資料/法律課程資料庫-20260707T080337Z-3-001/法律課程資料庫/依年份分類/202302/臺灣高等法院民事/TPHV,107,建上,38,20230221,1.json"
"42","TPDV,110,建,16,20230214,1","2023","20230214","臺灣臺北地方法院民事","給付工程款等","建","16","ai_assumed","54285523","23","2714276","2692562","是","0.992","0.008","1","1","1","0","1","1","業主可歸責、承包商可歸責、展延/免計工期爭議、部分完成/部分驗收、業主已使用/受益","1","1","1","","1","1","AI:業主可歸責、AI:承包商可歸責、AI:展延/免計工期爭議、AI:部分完成/部分驗收、AI:業主已使用/受益","317","數為246 日曆天，工期期限應展延至109年12月21日，而系爭工程 於109年4月8日即辦理竣工完畢，復於同年7月17日向工務 局掛件申請使照，再於109年10月8日經核准使照，被告於 同年12月18日領取使照，原告並無逾期違約之情事，被告 以逾期違約金抵銷工程款，即無理由。 ⒊請求酌減違約金：系爭契約第8條約定之逾期違約金，並未視 工作是否完成或完成程度而有不同，顯非合理。系爭工程早 於109年4月8日竣工，而為可請領使照狀態，建築執照亦未 有失效之情形。又系爭工程乃先建...","02_輸入資料/法律課程資料庫-20260707T080337Z-3-001/法律課程資料庫/依年份分類/202302/臺灣臺北地方法院民事/TPDV,110,建,16,20230214,1.json"
"43","TPDV,107,建,250,20230331,1","2023","20230331","臺灣臺北地方法院民事","給付工程款","建","250","ai_assumed","429506776","661","429506776","8409800","是","0.01958","0.98042","1","1","1","0","1","0","業主可歸責、承包商可歸責、展延/免計工期爭議、部分完成/部分驗收","1","1","1","","1","","AI:業主可歸責、AI:承包商可歸責、AI:展延/免計工期爭議、AI:部分完成/部分驗收","398","係以結算金額為計算基準，於結算前自無法計算，而估驗計 價款則屬暫付款性質，顯無從作為逾期違約金扣抵之標的， 是被告依約得扣抵者應僅限於驗收尾款，尚不及於估驗計價 款。況逾期違約金乃損害賠償額預定性之違約金，於系爭工 程竣工並交付被告前，要難確定被告因原告逾期完工而受有 損害，故被告提前予以扣抵，除有礙原告請求酌減違約金之 權利外，亦顯然有違誠信原則。另系爭契約第14條第1項明 定，履約保證金應自估驗金額達契約價金總額20％、40％、60 ％、80％及驗收合格後，依序各發還20...","02_輸入資料/法律課程資料庫-20260707T080337Z-3-001/法律課程資料庫/依年份分類/202303/臺灣臺北地方法院民事/TPDV,107,建,250,20230331,1.json"
"44","TPHV,111,建上,4,20230412,2","2023","20230412","臺灣高等法院民事","給付工程款","建上","4","ai_assumed","342876","94","4054624","669926","是","0.165225","0.834775","1","1","1","1","1","0","業主可歸責、承包商可歸責、展延/免計工期爭議、實際損害不明/偏低、部分完成/部分驗收","1","1","1","1","1","","AI:業主可歸責、AI:承包商可歸責、AI:展延/免計工期爭議、AI:實際損害不明/偏低、AI:部分完成/部分驗收","576","延工期部分，尚須再展延96天，依此 結果上訴人承攬系爭工程即無遲延，自應返還不當計罰之逾 期違約金405萬4,624元，爰依民法第179條規定請求返還。 縱上訴人有逾期情形，然上訴人已完成系爭工程，被上訴人 並未因此受有損害，尚因被上訴人要求先行使用設置停車場 ，而得收取停車費近4,600萬餘元，違約金亦應予酌減，被 上訴人即不應再對上訴人計罰違約金。 (七)展延工期間接費用部分： 結算數量增加部分相關工期177天，被上訴人應依系爭契約 第20條第12款約定、民法第227條之...","02_輸入資料/法律課程資料庫-20260707T080337Z-3-001/法律課程資料庫/依年份分類/202304/臺灣高等法院民事/TPHV,111,建上,4,20230412,2.json"
"45","TNHV,111,上更一,30,20230509,1","2023","20230509","臺灣高等法院臺南分院民事","履行契約","上更一","30","ai_assumed","","188","932278","932278","否","1","0","1","1","1","1","1","0","業主可歸責、承包商可歸責、展延/免計工期爭議、實際損害不明/偏低、部分完成/部分驗收","1","1","1","1","1","","AI:業主可歸責、AI:承包商可歸責、AI:展延/免計工期爭議、AI:實際損害不明/偏低、AI:部分完成/部分驗收","349","上 訴人至102年11月11日前已繳房地價款分別如原審判決附表 一所示，上訴人遲至104年2月24日始取得使用執照，共逾期 470天，上訴人應分別給付被上訴人如原審判決附表一所示 之逾期取得使用執照之遲延利息。本件遲延利息之約定乃懲 罰性違約金，乃內政部頒布，已多年未調整，顯見此項約定 合理性，並無過高，不應酌減等語，爰依系爭契約，請求上 訴人分別給付如原審判決附表一所示之金額，並加計自起訴 狀繕本送達翌日起至清償日止之法定遲延利息等語。 二、上訴人則以：依契約第11條第2項...","02_輸入資料/法律課程資料庫-20260707T080337Z-3-001/法律課程資料庫/依年份分類/202305/臺灣高等法院臺南分院民事/TNHV,111,上更一,30,20230509,1.json"
"46","TPDV,107,建,232,20230630,6","2023","20230630","臺灣臺北地方法院民事","給付工程款","建","232","ai_assumed","82956632","4","820574","820574","否","1","0","1","1","1","1","1","1","業主可歸責、承包商可歸責、展延/免計工期爭議、實際損害不明/偏低、部分完成/部分驗收、業主已使用/受益","1","1","1","1","1","1","AI:業主可歸責、AI:承包商可歸責、AI:展延/免計工期爭議、AI:實際損害不明/偏低、AI:部分完成/部分驗收、AI:業主已使用/受益","499","後，原告已無逾期，被告應給付 遭扣工程款735萬6872元。 (8)另被告若會因遲延完工而受有損害，應會積極辦理驗收，以 早日使用。惟系爭工程完工後，遲於1年後始完成驗收。且 老人之家一期拆除時，尚保留三里院舍及活動中心作為臨時 人員安置場所，並未增加住宿費用。顯見被告並未因遲延完 工而受有損害，爰請求按民法第252條規定酌減違約金。 2、遭扣之工程款(竣工圖逾期違約金)82萬0574元： (1)第一期工程於104年6月30日竣工，原告應於竣工後7日內即104年7月7日前提出...","02_輸入資料/法律課程資料庫-20260707T080337Z-3-001/法律課程資料庫/依年份分類/202306/臺灣臺北地方法院民事/TPDV,107,建,232,20230630,6.json"
"47","TPDV,110,重訴,616,20230609,2","2023","20230609","臺灣臺北地方法院民事","履行契約","重訴","616","ai_assumed","513965000","133","18645200","18645200","否","1","0","1","0","0","1","1","1","業主可歸責、實際損害不明/偏低、部分完成/部分驗收、業主已使用/受益","1","","","1","1","1","AI:業主可歸責、AI:實際損害不明/偏低、AI:部分完成/部分驗收、AI:業主已使用/受益","374","貨物，被 告不予同意，並分別於108年8月1日、同年8月26日解除第二、三 批貨物之契約。原告於108年8月23日交付第四批貨物，於同年9 月5日第一次驗收「外觀」項目不合格，嗣被告分別於108年11月 12日、110年3月11日減價收受第四批、第一批貨物。 原告主張被告解除第二、三批貨物之契約不合法，第一、四 批貨物之逾期違約金計算亦屬過高，向本院起訴請求被告返還附 表二編號1所示之項目及金額。本院認為被告未依製程參數確認 表所載「設定溫度」壓製抗彈板，且未由再驗機構壓製抗...","02_輸入資料/法律課程資料庫-20260707T080337Z-3-001/法律課程資料庫/依年份分類/202306/臺灣臺北地方法院民事/TPDV,110,重訴,616,20230609,2.json"
"48","KMDV,110,重訴,16,20230606,1","2023","20230606","福建金門地方法院民事","履行契約","重訴","16","ai_assumed","38372445","487","7663613","3548000","是","0.462967","0.537033","1","1","1","1","1","1","業主可歸責、承包商可歸責、展延/免計工期爭議、實際損害不明/偏低、部分完成/部分驗收、業主已使用/受益","1","1","1","1","1","1","AI:業主可歸責、AI:承包商可歸責、AI:展延/免計工期爭議、AI:實際損害不明/偏低、AI:部分完成/部分驗收、AI:業主已使用/受益","314","03元加以計罰，惟後續 因被告拒絕進場改善，無法驗收，相關逾期仍持續，至原告 於103年1月16日合法終止契約為止，逾期天數達487日，依 約扣罰上限為20%，故應扣罰38,318,066x20%＝7,663,613元 。系爭工程係因可歸責於被告之事由，致延誤履約期限，並 致終止契約，情節重大，被告主張違約金過高，顯屬事後卸 責。原告僅請求契約價金總額20%即7,663,613元，已屬適當 ，且此筆款項之請求權時效為15年，原告請求並未逾請求權 時效。 ⒉被告應支付PU材料實...","02_輸入資料/法律課程資料庫-20260707T080337Z-3-001/法律課程資料庫/依年份分類/202306/福建金門地方法院民事/KMDV,110,重訴,16,20230606,1.json"
"49","HLHV,111,建上更二,3,20230616,1","2023","20230616","臺灣高等法院花蓮分院民事","給付工程款等","建上更二","3","ai_assumed","10223000","101","2044600","644049","是","0.315","0.685","1","1","1","1","1","0","業主可歸責、承包商可歸責、展延/免計工期爭議、實際損害不明/偏低、部分完成/部分驗收","1","1","1","1","1","","AI:業主可歸責、AI:承包商可歸責、AI:展延/免計工期爭議、AI:實際損害不明/偏低、AI:部分完成/部分驗收","285","歸責於其之事由，然依系爭契約第18條第(一)、(六)、( 八)項及第7條第(三)項第1款(7)約定，此部分仍非屬上開 約定之展延工期事由，則其主張二指部就此部分不當扣罰 逾期違約金而應返還等語，均非可採。 ㈡基錮公司於本院更一審主張：本件逾期違約金為損害賠償性 質，希望增加爭點為本件違約金是否過高等語(見本院更一 卷一第185頁)；二指部則抗辯：有關本件違約金是否過高部 分，不同意基錮公司列為爭點，因現已為本院更一審，其主 張應已逾時等語(見本院更一卷一第186頁)。經查： ...","02_輸入資料/法律課程資料庫-20260707T080337Z-3-001/法律課程資料庫/依年份分類/202306/臺灣高等法院花蓮分院民事/HLHV,111,建上更二,3,20230616,1.json"
"50","PCDV,110,建,49,20230630,2","2023","20230630","臺灣新北地方法院民事","給付工程款","建","49","ai_assumed","698000","66","3528000","2430005","是","0.688777","0.311223","0","1","1","1","1","0","承包商可歸責、展延/免計工期爭議、實際損害不明/偏低、部分完成/部分驗收","","1","1","1","1","","AI:承包商可歸責、AI:展延/免計工期爭議、AI:實際損害不明/偏低、AI:部分完成/部分驗收","284","4,877元。則被告再依系爭契約第9 條之2第7款第4目約定主張原告違規棄置營建廢棄物120立方 公尺，計罰懲罰性違約金352萬8,000元，已逾承攬廠商品質 管制規定第17點第11款規定處罰上限。系爭工程結算金額僅 136萬7,300元，被告違約金處罰竟達352萬8,000元，為結算 金額之2.58倍，顯然過高，況原告並無違反契約任意棄置營 建廢棄物之故意，相關碎石級配土方之引進實係基於被告及 瑞芳清潔隊之同意，原告更係基於善意協助施作，原告違約 情狀實屬輕微，處罰違約金實...","02_輸入資料/法律課程資料庫-20260707T080337Z-3-001/法律課程資料庫/依年份分類/202306/臺灣新北地方法院民事/PCDV,110,建,49,20230630,2.json"
"51","TCHV,106,建上,51,20230614,1","2023","20230614","臺灣高等法院臺中分院民事","給付工程款","建上","51","ai_assumed","55678045","12","55678045","38351706","是","0.688812","0.311188","1","1","1","0","1","0","業主可歸責、承包商可歸責、展延/免計工期爭議、部分完成/部分驗收","1","1","1","","1","","AI:業主可歸責、AI:承包商可歸責、AI:展延/免計工期爭議、AI:部分完成/部分驗收","271","約金，其總額 （含逾期未改正之違約金）以契約價金總額之15%為上限。 」（見原審卷一第12頁）。是被上訴人依上開約定得對上訴 人主張之逾期違約金為3,835萬1,706元（2億5,567萬8,045× 15%，元以下捨去）。從而，被上訴人辯稱其對上訴人有系 爭違約金債權，應屬可採。 四、系爭違約金債權並無過高，應無酌減之必要： ㈠上訴人主張系爭違約金債權高達3,835萬1,706元，應依民法 第252條規定予以酌減云云，為被上訴人所否認。 ㈡按約定之違約金額過高者，法院得依職...","02_輸入資料/法律課程資料庫-20260707T080337Z-3-001/法律課程資料庫/依年份分類/202306/臺灣高等法院臺中分院民事/TCHV,106,建上,51,20230614,1.json"
"52","KSDV,110,建,48,20230620,1","2023","20230620","臺灣高雄地方法院民事","給付工程款等","建","48","ai_assumed","1050007","117","1883083","1425339","是","0.756918","0.243082","1","1","1","1","1","1","業主可歸責、承包商可歸責、展延/免計工期爭議、實際損害不明/偏低、部分完成/部分驗收、業主已使用/受益","1","1","1","1","1","1","AI:業主可歸責、AI:承包商可歸責、AI:展延/免計工期爭議、AI:實際損害不明/偏低、AI:部分完成/部分驗收、AI:業主已使用/受益","252","第505條、第511條但書規定，擇一 請求946萬9538元。 ㈡系爭契約乃不可歸責於原告而終止，被告即無由繼續保有原 告前已繳付之履約保證金190萬元，原告得依民法第179條規 定請求被告返還，縱認被告得沒收履約保證金，因此屬違約 金性質，原告已一部履約，且被告並無具體損失，被告全部 沒收充作違約金顯然過高，應按比例沒收或予以酌減，並將 剩餘部分返還。原告前於108年10月30日向高雄市政府採購 申訴審議委員會申請調解，並於翌日（即31日）將繕本送達 被告，被告應自108年...","02_輸入資料/法律課程資料庫-20260707T080337Z-3-001/法律課程資料庫/依年份分類/202306/臺灣高雄地方法院民事/KSDV,110,建,48,20230620,1.json"
"53","TCHV,112,重上更三,10,20230728,1","2023","20230728","臺灣高等法院臺中分院民事","履行契約","重上更三","10","ai_assumed","64082592","","17000000","","是","","","0","1","0","1","1","0","承包商可歸責、實際損害不明/偏低、部分完成/部分驗收","","1","","1","1","","AI:承包商可歸責、AI:實際損害不明/偏低、AI:部分完成/部分驗收","300","除第5標項契約，繼於同年6月27日、同年7月20日再分別解 除第6、7標項契約，並沒收系爭履約保證金。惟被上訴人沒 收系爭履約保證金，依民法第250條第2項規定，應為損害賠 償總額預定之違約金性質，被上訴人充其量僅受有重新招標 所受損害29萬0304元，卻將系爭履約保證金1700萬元全數沒 收，核屬過高，應酌減至0元。爰依系爭合約第11條、民法 第179條規定，求為命被上訴人給付1700萬及自判決確定之 翌日起算之法定遲延利息（原審駁回上訴人上開請求，上訴 人不服，提起上訴。...","02_輸入資料/法律課程資料庫-20260707T080337Z-3-001/法律課程資料庫/依年份分類/202307/臺灣高等法院臺中分院民事/TCHV,112,重上更三,10,20230728,1.json"
"54","KSHV,109,建上,10,20230823,1","2023","20230823","臺灣高等法院高雄分院民事","給付工程款","建上","10","ai_assumed","82850000","98","9268283","9199612","是","0.992591","0.007409","1","1","1","0","1","1","業主可歸責、承包商可歸責、展延/免計工期爭議、部分完成/部分驗收、業主已使用/受益","1","1","1","","1","1","AI:業主可歸責、AI:承包商可歸責、AI:展延/免計工期爭議、AI:部分完成/部分驗收、AI:業主已使用/受益","314","7日開工，系爭工程於102年8月19日驗 收合格。 ㈢養工處辦理系爭工程結算，以日興公司第一階段逾期完工98 天、驗收缺失改善逾期14天，及施作新擋土牆逾期3天為由 ，依系爭承攬契約第10條約定，按下列各階段總價千分之1 逐日計算逾期違約金，合計9,268,283 元（惟兩造就是否逾 期完工、違約金應否酌減仍有爭執）： ⒈第一階段逾期完工扣減違約金8,074,106元（計算式：82,388, 839×0.001×98=8,074,106.2，元以下四捨五入，下同）； ⒉驗收缺...","02_輸入資料/法律課程資料庫-20260707T080337Z-3-001/法律課程資料庫/依年份分類/202308/臺灣高等法院高雄分院民事/KSHV,109,建上,10,20230823,1.json"
"55","KSDV,110,建,49,20230823,1","2023","20230823","臺灣高雄地方法院民事","返還逾期違約金等","建","49","ai_assumed","4919670","81","4919670","4919670","否","1","0","1","1","1","0","1","0","業主可歸責、承包商可歸責、展延/免計工期爭議、部分完成/部分驗收","1","1","1","","1","","AI:業主可歸責、AI:承包商可歸責、AI:展延/免計工期爭議、AI:部分完成/部分驗收","296","水量分別為5.5㎜、107.5㎜、10.5㎜、12㎜，一小時降水量最多分別為4㎜（下午6時）、35㎜（上午6時）、4㎜（下午8時）、8㎜（下午4時）。 ⑶判斷： 該期間依108年1月17日之施工進度表非屬要徑作業，本項次經鑑定不同意予以展延。 014108年10月13、14日 2 因當日凌晨降雨，造成屋頂防水工程作業範圍內積水與面層含水量過高，導致施作停滯。 無 ⑴施作内容： 依據公共工程監造報表108年10月13、14日等主要施作內容為7F輕隔間及東、南、北側外牆泥作打底施...","02_輸入資料/法律課程資料庫-20260707T080337Z-3-001/法律課程資料庫/依年份分類/202308/臺灣高雄地方法院民事/KSDV,110,建,49,20230823,1.json"
"56","TCDV,108,建,142,20230815,1","2023","20230815","臺灣臺中地方法院民事","變更設計展延工期管理費及損害賠償等","建","142","ai_assumed","214200000","576","108750000","103080000","是","0.947862","0.052138","1","1","1","0","1","0","業主可歸責、承包商可歸責、展延/免計工期爭議、部分完成/部分驗收","1","1","1","","1","","AI:業主可歸責、AI:承包商可歸責、AI:展延/免計工期爭議、AI:部分完成/部分驗收","285","無理由。 ㈢至於第三期工程依系爭工程投標須知第四條規定，係自第二 期竣工日之次日開工，並於90日曆天以內竣工，且原告於本 期須取使用執照及綠建築標章，而兩造就取得綠建築證書及 標章工項複價僅編列80,000元，被告卻於結算時逕行主張扣 款147,000元，高於原告可領得之工程款，明顯違反比列原 則，請依民法第252條規定依職權酌減。 ㈣另本件因有非可歸責於原告之展延工期事由，原告自得向被 告請求展延工期衍生之管理費及必要費用13,879,357元（暫 以410天計算），系爭工...","02_輸入資料/法律課程資料庫-20260707T080337Z-3-001/法律課程資料庫/依年份分類/202308/臺灣臺中地方法院民事/TCDV,108,建,142,20230815,1.json"
"57","CYDV,107,建,13,20230921,2","2023","20230921","臺灣嘉義地方法院民事","給付工程款","建","13","ai_assumed","52507589","29","13348403","3348403","是","0.250847","0.749153","1","1","1","0","1","1","業主可歸責、承包商可歸責、展延/免計工期爭議、部分完成/部分驗收、業主已使用/受益","1","1","1","","1","1","AI:業主可歸責、AI:承包商可歸責、AI:展延/免計工期爭議、AI:部分完成/部分驗收、AI:業主已使用/受益","570","06年6月20日才改善完成，也是在 本件工程如前述展延後竣工日之前。所以，原告並無遲延驗 收缺失改善期限。 ㈣、被告以原告遲延竣工87天、驗收改善遲延32天，共計逾期119天為由，計罰違約金共1億1,334萬8,403元，並扣抵工程尾 款。但原告既然無逾期情事，被告不應扣罰逾期違約金。縱 認原告有遲延完工，依民法第252條規定，請求酌減違約金 。 ㈤、本件工程原已因附表一所示因素，展延工期共計333天，扣除 其中因颱風天候因素造成展延的22日，加上附表三應再展延 工期(除沿海...","02_輸入資料/法律課程資料庫-20260707T080337Z-3-001/法律課程資料庫/依年份分類/202309/臺灣嘉義地方法院民事/CYDV,107,建,13,20230921,2.json"
"58","TPHV,109,建上,7,20230913,2","2023","20230913","臺灣高等法院民事","給付工程款等","建上","7","ai_assumed","43975188","30","11438984","8795038","是","0.768865","0.231135","1","1","1","1","1","1","業主可歸責、承包商可歸責、展延/免計工期爭議、實際損害不明/偏低、部分完成/部分驗收、業主已使用/受益","1","1","1","1","1","1","AI:業主可歸責、AI:承包商可歸責、AI:展延/免計工期爭議、AI:實際損害不明/偏低、AI:部分完成/部分驗收、AI:業主已使用/受益","345","0日、所裝設之台電高壓用電設備經列為缺失 而未改善、未依約投保為由，分別自應付予伊公司之價款中扣 減逾期違約金8,795,038元、台電高壓用電設備費用633,691元 ，及保險費19,482元。惟系爭工程有應展延工期之情事，故伊 公司實際上並未逾期，被上訴人扣減違約金，自屬無據。又縱 認被上訴人扣罰違約金有理由，其扣罰金額亦屬過高，應酌減 為按日以工程結算總金額千分之0.1，或以總工程款千分之0.5 計算。再伊公司係依照被上訴人提供之原設計圖說採購裝設高 壓用電設備，並經被...","02_輸入資料/法律課程資料庫-20260707T080337Z-3-001/法律課程資料庫/依年份分類/202309/臺灣高等法院民事/TPHV,109,建上,7,20230913,2.json"
"59","TCDV,110,建,69,20230905,1","2023","20230905","臺灣臺中地方法院民事","給付違約金等","建","69","ai_assumed","32500000","16","32500000","8125000","是","0.25","0.75","1","1","1","1","1","1","業主可歸責、承包商可歸責、展延/免計工期爭議、實際損害不明/偏低、部分完成/部分驗收、業主已使用/受益","1","1","1","1","1","1","AI:業主可歸責、AI:承包商可歸責、AI:展延/免計工期爭議、AI:實際損害不明/偏低、AI:部分完成/部分驗收、AI:業主已使用/受益","262","照之規費共計139萬7500元並未扣除，故該鑑定報告有 諸多前後矛盾，有違常情，自不可採信。 （五）縱令被告應負遲延責任（假設語氣），惟原告請求以每日 依本工程總價千分之一計算逾期違約金，換算其年息高達 36.5%，較公共工程委員會工程採購契約範本第17條第4項 違約金以契約價金總額20%為上限，顯然過高，請法院依 民法第252條規定酌減之。 （六）因為違約金債權不發生，原告主張抵銷無理由等語，資為 抗辯。 （七）並聲明：1.原告之訴及假執行之聲請均駁回；2.如受不利 判決，...","02_輸入資料/法律課程資料庫-20260707T080337Z-3-001/法律課程資料庫/依年份分類/202309/臺灣臺中地方法院民事/TCDV,110,建,69,20230905,1.json"
"60","TPDV,105,建,330,20231027,2","2023","20231027","臺灣臺北地方法院民事","損害賠償等","建","330","ai_assumed","71099123","483","18600000","17196529","是","0.924545","0.075455","1","1","1","1","1","0","業主可歸責、承包商可歸責、展延/免計工期爭議、實際損害不明/偏低、部分完成/部分驗收","1","1","1","1","1","","AI:業主可歸責、AI:承包商可歸責、AI:展延/免計工期爭議、AI:實際損害不明/偏低、AI:部分完成/部分驗收","424","衡平原則，仍應認兩造業已合意展延工期。且依系爭契約第 9條第12項約定，亦不得認原告不得請求展延工期或應給付 逾期違約金。 ⒌違約金應以已施作完成之工項之工程款金額為計算基礎，縱 認原告就正式驗收之複驗所列之13項缺失於交付時尚未全部 改正完妥，然被告實際所受損害顯然甚微，逾期懲罰性違約 金1860萬元過高，而依民法第252條請求酌減。至被告逾時 始提出追加請求原告應給付懲罰性遠約金930萬元而主張求 抵銷云云，係意圖延滯訴訟或出於重大過失，況原告未逾期 完工，被告自不得請求...","02_輸入資料/法律課程資料庫-20260707T080337Z-3-001/法律課程資料庫/依年份分類/202310/臺灣臺北地方法院民事/TPDV,105,建,330,20231027,2.json"
"61","TPDV,111,建,72,20231130,1","2023","20231130","臺灣臺北地方法院民事","給付工程款","建","72","ai_assumed","94818308","54","4930552","4930552","否","1","0","1","1","1","1","1","1","業主可歸責、承包商可歸責、展延/免計工期爭議、實際損害不明/偏低、部分完成/部分驗收、業主已使用/受益","1","1","1","1","1","1","AI:業主可歸責、AI:承包商可歸責、AI:展延/免計工期爭議、AI:實際損害不明/偏低、AI:部分完成/部分驗收、AI:業主已使用/受益","467","完工，系爭契約就鋼筋SD420W有漏項、就「普通模板」有漏 列工資之情形為由，起訴依民法第179條規定請求被告返還 扣罰之逾期違約金新臺幣（下同）493萬552元，依系爭契約 請求SD420W鋼筋漏項差價235萬2,947元、模板工資110萬8,800元，並以被告有先行使用部分已完工之工作物為由，請求 依民法第252條酌減違約金（見本院卷㈠第15至17頁），嗣經 多次變更後，最終確認各項請求之請求權基礎如下：㈠返還 扣罰之逾期違約金：先位依系爭契約第3條、民法第179條規 定...","02_輸入資料/法律課程資料庫-20260707T080337Z-3-001/法律課程資料庫/依年份分類/202311/臺灣臺北地方法院民事/TPDV,111,建,72,20231130,1.json"
"62","KMDV,110,建,4,20231110,1","2023","20231110","福建金門地方法院民事","給付工程款","建","4","ai_assumed","23161236","394","19797478","118700","是","0.005996","0.994004","1","1","1","1","1","1","業主可歸責、承包商可歸責、展延/免計工期爭議、實際損害不明/偏低、部分完成/部分驗收、業主已使用/受益","1","1","1","1","1","1","AI:業主可歸責、AI:承包商可歸責、AI:展延/免計工期爭議、AI:實際損害不明/偏低、AI:部分完成/部分驗收、AI:業主已使用/受益","236","訴被告所抗辯 之計算違約金方式，反訴被告應給付反訴原告之違約金應為 12,576,480元（計算式：2,800萬元ｘ38%ｘ394ｘ3‰＝12,576,480），仍超出反訴原告上開以1‰計算之違約金金額。至反訴 被告主張就違約金之計算，以契約總價百分之20為上限部分 ，反訴原告沒有意見，另反訴被告主張違約金酌減部分，因 兩造並無違約金酌減之約定，且反訴被告逾期之天數，已超 逾原工期之比例甚高，且反訴被告所施作之工項，至目前為 止，仍有諸多瑕疵，此部分有鑑定報告可資證明，故認不...","02_輸入資料/法律課程資料庫-20260707T080337Z-3-001/法律課程資料庫/依年份分類/202311/福建金門地方法院民事/KMDV,110,建,4,20231110,1.json"
"63","KSDV,106,建,34,20231226,2","2023","20231226","臺灣高雄地方法院民事","給付逾期違約金","建","34","ai_assumed","314044876","200","78878862","26213286","是","0.332323","0.667677","1","1","1","1","1","1","業主可歸責、承包商可歸責、展延/免計工期爭議、實際損害不明/偏低、部分完成/部分驗收、業主已使用/受益","1","1","1","1","1","1","AI:業主可歸責、AI:承包商可歸責、AI:展延/免計工期爭議、AI:實際損害不明/偏低、AI:部分完成/部分驗收、AI:業主已使用/受益","950","期違約金，被告均無任何工程 款之實質收入，期間仍提早達成最後施工里程碑，並完成原 告之分段通車目標。準此，考量上情，倘依鑑定報告結論仍 認本件逾期違約金應為1億6,278萬9,606元(計算式：128,746,347＋34,043,259＝162,789,606元)，對被告實嫌過苛，難 符契約正義，請求予以酌減違約金等語置辯，並聲明：㈠原 告之訴及假執行之聲請均駁回。㈡如受不利判決，願供擔保 ，請准免為假執行之宣告。 ㈡、長鴻公司則以：伊與卡夫公司共同承攬系爭工程，兩造於10...","02_輸入資料/法律課程資料庫-20260707T080337Z-3-001/法律課程資料庫/依年份分類/202312/臺灣高雄地方法院民事/KSDV,106,建,34,20231226,2.json"
"64","TCDV,110,建,142,20231222,1","2023","20231222","臺灣臺中地方法院民事","給付工程款","建","142","ai_assumed","68645354","518","72871926","72871926","否","1","0","1","1","1","1","1","1","業主可歸責、承包商可歸責、展延/免計工期爭議、實際損害不明/偏低、部分完成/部分驗收、業主已使用/受益","1","1","1","1","1","1","AI:業主可歸責、AI:承包商可歸責、AI:展延/免計工期爭議、AI:實際損害不明/偏低、AI:部分完成/部分驗收、AI:業主已使用/受益","375","107年7月10日要求依審查意見修正，原告於107年7 月13日依意見修正後函送，職安署於107年8月1日核定復 工。原告於停工屆滿前即提出復工申請，故同年6月20日 起至7月10日止及7月15日起至8月1日止，為職安署審查期 間，非可歸責於原告停工，應扣除38天逾期天數。 ㈢縱認原告有遲延完工，依民法第252條規定，請求酌減違約金 。 ㈣因此，依本件契約、民法第505條、第252條等法律關係，請 求被告給付原告422萬6572元本息。並聲明：⑴被告應給付原 告新臺幣422萬...","02_輸入資料/法律課程資料庫-20260707T080337Z-3-001/法律課程資料庫/依年份分類/202312/臺灣臺中地方法院民事/TCDV,110,建,142,20231222,1.json"
"65","TPHV,111,建上,33,20231212,1","2023","20231212","臺灣高等法院民事","給付工程款","建上","33","ai_assumed","3110410","22","2216599","1317158","是","0.594225","0.405775","1","1","1","1","1","0","業主可歸責、承包商可歸責、展延/免計工期爭議、實際損害不明/偏低、部分完成/部分驗收","1","1","1","1","1","","AI:業主可歸責、AI:承包商可歸責、AI:展延/免計工期爭議、AI:實際損害不明/偏低、AI:部分完成/部分驗收","350","開工、107 年12月31日竣工，並於108年11月13日驗收合格，鐵道局應 給付伊如附表編號①至⑤所示直接工程費及管理費、編號⑥至⑧ 所示間接費用、編號⑨所示加值營業稅，及編號⑩至⑫所示其 他費用，共計新臺幣（下同）1795萬0675元等情，爰依系爭 契約、民法第176條第1項、第179條、第227條之2、第252條 、第490條、第491條、第492條規定，求為命鐵道局給付1795萬0675元，及自起訴狀繕本送達翌日（即109年12月10日） 起算法定遲延利息之判決（原審...","02_輸入資料/法律課程資料庫-20260707T080337Z-3-001/法律課程資料庫/依年份分類/202312/臺灣高等法院民事/TPHV,111,建上,33,20231212,1.json"
"66","TCDV,111,建,15,20231226,1","2023","20231226","臺灣臺中地方法院民事","給付工程款","建","15","ai_assumed","22162286","29","17087159","3510564","是","0.20545","0.79455","0","1","0","1","1","0","承包商可歸責、實際損害不明/偏低、部分完成/部分驗收","","1","","1","1","","AI:承包商可歸責、AI:實際損害不明/偏低、AI:部分完成/部分驗收","259","完成而有遲延工期情事而以 契約總價作為計算違約金之基準，而僅能以原告施作完成之 「匯幸福ABC區透天區」工程款8,434,735元及「匯幸福大樓 區」1-4樓室內牆面水泥粉光工程工程款511,834元分別作為 計算工區內個別細目工程如有遲延工期之違約金計算基準， 方符事理。 六、當事人約定契約不履行之違約金過高者，法院得依民法第252條以職權減至相當之數額，惟是否相當，應依一般客觀事 實，社會經濟狀況及債務人若能如期履行債務，債權人可得 享受之一切利益為酌定之標準。本件果認原...","02_輸入資料/法律課程資料庫-20260707T080337Z-3-001/法律課程資料庫/依年份分類/202312/臺灣臺中地方法院民事/TCDV,111,建,15,20231226,1.json"
"67","TCDV,112,建,3,20240219,2","2024","20240219","臺灣臺中地方法院民事","給付工程款","建","3","ai_assumed","6825000","119","1935235","1935235","否","1","0","1","1","0","1","1","1","業主可歸責、承包商可歸責、實際損害不明/偏低、部分完成/部分驗收、業主已使用/受益","1","1","","1","1","1","AI:業主可歸責、AI:承包商可歸責、AI:實際損害不明/偏低、AI:部分完成/部分驗收、AI:業主已使用/受益","269","02條第2項等規定及系爭契約第8條第（5） 項、契約附件發包確認單備註等約定，對原告請求損害賠償 。 ⒊因為可歸責於原告事由，導致被告於111年9月2日向臺中港務 分公司辦理第5期估驗時被暫扣26天逾期違約金162萬1880元 ，因為被告與臺中港務分公司間契約違約金之計算係以「契 約總價」計算，違約金母數過高，為避免因為可歸責於原告 之事由導致被告遭受高額違約金罰款，被告迫不得已，只能 提供對價之方式要求後續施工廠商工班（包含鋼浪板、水電 、油漆、室內輕隔間、天花板、清潔、泥...","02_輸入資料/法律課程資料庫-20260707T080337Z-3-001/法律課程資料庫/依年份分類/202402/臺灣臺中地方法院民事/TCDV,112,建,3,20240219,2.json"
"68","TNHV,111,重上,118,20240424,1","2024","20240424","臺灣高等法院臺南分院民事","債務不履行等","重上","118","ai_assumed","78660000","90","20006519","5980009","是","0.298903","0.701097","1","1","1","1","1","1","業主可歸責、承包商可歸責、展延/免計工期爭議、實際損害不明/偏低、部分完成/部分驗收、業主已使用/受益","1","1","1","1","1","1","AI:業主可歸責、AI:承包商可歸責、AI:展延/免計工期爭議、AI:實際損害不明/偏低、AI:部分完成/部分驗收、AI:業主已使用/受益","326","，總計2,000萬6,519元，實屬不當。況縱認伊有違約情事， 衡諸被上訴人並未因系爭契約未履行而受有積極損害，甚至 得以更高金額出售系爭土地，且承辦建築師詹益源係兩造共 同委託，被上訴人亦應負監督之責，伊違反系爭契約之情節 應屬輕微，被上訴人上開沒收之2,000萬6,519元係屬懲罰性 違約金，亦應酌減至總價金2%即157萬3,200元計算始為合理 ，被上訴人逾此部分沒收之違約金，應依不當得利之規定返 還。爰依民法第179條、第226條第1項規定、系爭契約第26 條第2項約...","02_輸入資料/法律課程資料庫-20260707T080337Z-3-001/法律課程資料庫/依年份分類/202404/臺灣高等法院臺南分院民事/TNHV,111,重上,118,20240424,1.json"
"69","TPHV,111,建上,61,20240416,1","2024","20240416","臺灣高等法院民事","給付工程款等","建上","61","ai_assumed","25605137","29","5438000","640128","是","0.117714","0.882286","1","1","1","0","1","1","業主可歸責、承包商可歸責、展延/免計工期爭議、部分完成/部分驗收、業主已使用/受益","1","1","1","","1","1","AI:業主可歸責、AI:承包商可歸責、AI:展延/免計工期爭議、AI:部分完成/部分驗收、AI:業主已使用/受益","270","全日皆晴，有實際進場施作，並無記載天候因素暫停或 無法施作情事（本院卷二第227、239頁），這2日並無因雨 無法施作應予展延情事，其餘105年6月10日、13日、14日則 有因雨暫停施作土方回填及排水溝路基整理之情事（本院卷 二第229至237頁），105年6月28日下午、6月29日、7月 3日因雨或土壤含水量過高，暫停土方夯實作業（本院卷二 第241、243、245頁），105年8月1日、8月2日、8月11日至 13日、9月3日因雨造成土壤泥濘，暫停景觀工程施工（本院 卷...","02_輸入資料/法律課程資料庫-20260707T080337Z-3-001/法律課程資料庫/依年份分類/202404/臺灣高等法院民事/TPHV,111,建上,61,20240416,1.json"
"70","TCDV,112,重訴,315,20240415,1","2024","20240415","臺灣臺中地方法院民事","履行契約等","重訴","315","ai_assumed","","1","8200333","8200333","否","1","0","0","0","0","1","1","0","實際損害不明/偏低、部分完成/部分驗收","","","","1","1","","AI:實際損害不明/偏低、AI:部分完成/部分驗收","219","年5月24日止，總計1453天)。復以通常訴訟 程序第一、二、三審辦案期限分別為1年4月、2年、1年， 憑以估算原告所受遲延利息之損害，金額高達241萬1242 元【計算式：0000000×5%×(4+4/12)=0000000；0000000+0000000=0000000】，故原告請求之違約金並無過高之情。 二、被告方面： (一)兄弟3人於108年3月20日簽署之系爭契約，當事人真意為 「移轉經營權及出資額」，並非分配動產而已。原告主張 該文件僅為分配動產協議，及其已完成...","02_輸入資料/法律課程資料庫-20260707T080337Z-3-001/法律課程資料庫/依年份分類/202404/臺灣臺中地方法院民事/TCDV,112,重訴,315,20240415,1.json"
"71","TCDV,112,建,61,20240531,1","2024","20240531","臺灣臺中地方法院民事","給付工程款等","建","61","ai_assumed","3023257","80","2894737","1093257","是","0.377671","0.622329","1","1","1","1","1","1","業主可歸責、承包商可歸責、展延/免計工期爭議、實際損害不明/偏低、部分完成/部分驗收、業主已使用/受益","1","1","1","1","1","1","AI:業主可歸責、AI:承包商可歸責、AI:展延/免計工期爭議、AI:實際損害不明/偏低、AI:部分完成/部分驗收、AI:業主已使用/受益","269","不 能證明原告有可歸責逾期完工之情事，亦未舉證證明因原告 遲延完成致其受有損害，則被告請求逾期違約金，亦無理由 ；縱認兩造間就系爭工程確有完工期限之約定，且原告有可 歸責之逾期完工等情事，然違約金122萬5926元約占系爭工 程總結款287萬9292元（未稅）之42.58%，顯不符合比例原 則，要屬過高，請鈞院審酌行政院公共工程委員會頒布之採 購契約要項第45條第2項揭示，違約金係以契約價金總額之20%為上限，及當今社會經濟狀況非佳等情，依民法第252條 規定酌減違約金，應以...","02_輸入資料/法律課程資料庫-20260707T080337Z-3-001/法律課程資料庫/依年份分類/202405/臺灣臺中地方法院民事/TCDV,112,建,61,20240531,1.json"
"72","PCDV,109,建,4,20240524,1","2024","20240524","臺灣新北地方法院民事","給付工程款","建","4","ai_assumed","45707021","3","2842377","34737336","否","","","1","1","1","1","1","0","業主可歸責、承包商可歸責、展延/免計工期爭議、實際損害不明/偏低、部分完成/部分驗收","1","1","1","1","1","","AI:業主可歸責、AI:承包商可歸責、AI:展延/免計工期爭議、AI:實際損害不明/偏低、AI:部分完成/部分驗收","238","限，不僅其罰則遠高於 一般工程契約習慣所約定之千分之1，其罰款總額更係毫無 上限，依被告於109年3月12日提出之民事答辯狀第3頁之計 算，被告主張之逾期罰款甚至高於系爭契約之承包總價。退 萬步言之，縱認原告有逾期之事實，系爭契約所約定之罰則 亦顯失公平，被告所受損失遠不及其主張違約金之1%，應予 酌減為宜。 ㈩並聲明： ⒈被告應給付原告15,387,856元，暨自起訴狀繕本送達翌日起 ，按年息5%計算之利息。 ⒉訴訟費用由被告負擔。 ⒊原告願供擔保，請准宣告假執行。 二、被...","02_輸入資料/法律課程資料庫-20260707T080337Z-3-001/法律課程資料庫/依年份分類/202405/臺灣新北地方法院民事/PCDV,109,建,4,20240524,1.json"
"73","CYDV,111,建,2,20240607,3","2024","20240607","臺灣嘉義地方法院民事","給付工程違約金","建","2","ai_assumed","3600000","176","3600000","300000","是","0.083333","0.916667","1","1","0","1","1","0","業主可歸責、承包商可歸責、實際損害不明/偏低、部分完成/部分驗收","1","1","","1","1","","AI:業主可歸責、AI:承包商可歸責、AI:實際損害不明/偏低、AI:部分完成/部分驗收","434","設之建材行挑選磁磚後，因原告 挑選之建材價格高於原契約約定，導致系爭工程有變更之情 事；然原告遲未承諾同意系爭工程契約變更(即建材價格變 更)而係未選定材料，被告當然不敢貿然買進，也就無法繼 續施作系爭工程，被告所述並無矛盾。 八、退步言之，倘鈞院認原告得向被告請求違約金(假設語，被 告仍否認之)，請求予以酌減： (一)按「約定之違約金額過高者，法院得減至相當之數額」民法 第252條訂有明文。至於是否相當，須依一般客觀事實、社 會經濟狀況及當事人所受損害情形，以為斟酌之標準。...","02_輸入資料/法律課程資料庫-20260707T080337Z-3-001/法律課程資料庫/依年份分類/202406/臺灣嘉義地方法院民事/CYDV,111,建,2,20240607,3.json"
"74","SLDV,112,建,32,20240626,1","2024","20240626","臺灣士林地方法院民事","返還不當得利等","建","32","ai_assumed","356380000","119","6815618","6815618","否","1","0","1","1","1","1","1","0","業主可歸責、承包商可歸責、展延/免計工期爭議、實際損害不明/偏低、部分完成/部分驗收","1","1","1","1","1","","AI:業主可歸責、AI:承包商可歸責、AI:展延/免計工期爭議、AI:實際損害不明/偏低、AI:部分完成/部分驗收","343","依民法第179條規定，請求被告返還上開款項。 四、縱認原告確有逾20日竣工之情事，然此逾期天數僅占核定1, 119日工期中之0.018，且系爭工程經7次工期展延，工期為 兩造原約定工期近3倍，加以全球COVID-19疫情造成之影響 ，原告於工期延長期間自行承擔管理費用，自應於逾期違約 金計罰時，納入兩造損益為考量進行酌減，故被告依系爭契 約第18條第1、3款約定扣減原告逾期違約金，實屬過高，依 民法第252條規定，應予酌減，並依民法第179條規定，請求 被告返還原告6,815...","02_輸入資料/法律課程資料庫-20260707T080337Z-3-001/法律課程資料庫/依年份分類/202406/臺灣士林地方法院民事/SLDV,112,建,32,20240626,1.json"
"75","ILDV,112,建,5,20240605,1","2024","20240605","臺灣宜蘭地方法院民事","返還違約金","建","5","ai_assumed","86152333","26","670446175","70446175","是","0.105074","0.894926","0","1","1","1","1","0","承包商可歸責、展延/免計工期爭議、實際損害不明/偏低、部分完成/部分驗收","","1","1","1","1","","AI:承包商可歸責、AI:展延/免計工期爭議、AI:實際損害不明/偏低、AI:部分完成/部分驗收","261","委員會）提出工期調解之聲請，於調解 過程中，兩造合意依公共工程委員會建議再展延工期77日曆 天而成立調解，系爭工程預定竣工日期變更為110年10月21 日中午12時，被告並按逾期日數，每日依契約價金總額1‰計 算，對原告計罰違約金3,452萬7,978元，並自應給付之工程 款中扣抵，惟原告認為計罰之逾期違約金過高，於112年6月 15日函請被告酌減違約金，被告於同年月16日收受後並無回 應。 ㈢原告雖因故未能如期完成系爭工程，惟原告早於109年10月7 日即應被告要求先行開放...","02_輸入資料/法律課程資料庫-20260707T080337Z-3-001/法律課程資料庫/依年份分類/202406/臺灣宜蘭地方法院民事/ILDV,112,建,5,20240605,1.json"
"76","TCDV,109,建,56,20240607,1","2024","20240607","臺灣臺中地方法院民事","給付工程款等","建","56","ai_assumed","5107858","77","593663","21732778","否","","","1","1","1","0","1","0","業主可歸責、承包商可歸責、展延/免計工期爭議、部分完成/部分驗收","1","1","1","","1","","AI:業主可歸責、AI:承包商可歸責、AI:展延/免計工期爭議、AI:部分完成/部分驗收","261","間42日部分，被告已於8月19日當面告知被告工地主任李 建億「本院不需要更新生物濾材，不支付生物濾材費用」， 且當時污泥脫水機、電源箱和儀控設備均尚未安裝完成，污 水場根本無法全面試車，是並未影響工程要徑之期程，原告 主張工期展延並無理由。另被告亦否認有該工項之施作，自 無展延之必要。且原告所主張之42日亦屬過高。 ㈣系爭契約第七條第㈡項約定就履約標的項目或數量增加時應增 加履約期限75日部分，系爭鑑定並未考量原告於105年3月28 日前後係處於進度嚴重落後狀態達40.84%...","02_輸入資料/法律課程資料庫-20260707T080337Z-3-001/法律課程資料庫/依年份分類/202406/臺灣臺中地方法院民事/TCDV,109,建,56,20240607,1.json"
"77","TNHV,111,建上更一,2,20240731,2","2024","20240731","臺灣高等法院臺南分院民事","給付工程款","建上更一","2","ai_assumed","4086012","10","2875607","2875607","否","1","0","0","0","1","1","1","0","展延/免計工期爭議、實際損害不明/偏低、部分完成/部分驗收","","","1","1","1","","AI:展延/免計工期爭議、AI:實際損害不明/偏低、AI:部分完成/部分驗收","237","程復於102年5月至8、9月間發生坍滑（ 下稱102年間坍滑），兩造即於102年11月21日合意終止契約 ，然高公局尚應給付：1.水平集水管及掛網植生工程款新臺 幣（下同）408萬6,012元、2.除原審判命高公局返還罰款124萬8,468元確定部分外，應再返還逾期罰款287萬5,607元， 如無理由，則依民法第252條規定請求酌減違約金、3.履約 保證金自104年1月29日起至同年5月7日結算日止共98日之法 定遲延利息，除原審判命高公局應返還1萬6,202元部分外， 尚應...","02_輸入資料/法律課程資料庫-20260707T080337Z-3-001/法律課程資料庫/依年份分類/202407/臺灣高等法院臺南分院民事/TNHV,111,建上更一,2,20240731,2.json"
"78","TPHV,110,重上更一,166,20240730,1","2024","20240730","臺灣高等法院民事","給付工程款","重上更一","166","ai_assumed","1567261","23","1463906","1463906","否","1","0","0","1","0","1","1","0","承包商可歸責、實際損害不明/偏低、部分完成/部分驗收","","1","","1","1","","AI:承包商可歸責、AI:實際損害不明/偏低、AI:部分完成/部分驗收","221","執此部分追加工項之款項均已支付，故 被上訴人請求已付工程款之營業稅部分為無理由。另被上訴人 未舉證證明蔡晉豪所轉讓之系爭代墊款債權存在，此部分請求 應屬無據。又被上訴人請求之系爭追加工程款，並非原合約工 項之工程款，應無系爭契約第28條第9項約定違約金之適用， 且兩造就系爭追加工程之價格遲遲未能達成協議，係因被上訴 人報價過高所致，非可歸責於伊，被上訴人不得請求違約金； 縱伊需給付違約金，應以146萬3,906元之10%為上限，且因違 約金為損害賠償預定之總額，被上訴人亦不得...","02_輸入資料/法律課程資料庫-20260707T080337Z-3-001/法律課程資料庫/依年份分類/202407/臺灣高等法院民事/TPHV,110,重上更一,166,20240730,1.json"
"79","TCHV,112,建上,55,20240918,1","2024","20240918","臺灣高等法院臺中分院民事","變更設計展延工期管理費及損害賠償等","建上","55","ai_assumed","58103549","435","45345522","45345522","否","1","0","1","1","1","1","1","1","業主可歸責、承包商可歸責、展延/免計工期爭議、實際損害不明/偏低、部分完成/部分驗收、業主已使用/受益","1","1","1","1","1","1","AI:業主可歸責、AI:承包商可歸責、AI:展延/免計工期爭議、AI:實際損害不明/偏低、AI:部分完成/部分驗收、AI:業主已使用/受益","361","之管銷費用，及因未辦理驗收致未能起計保固 期等，均增加伊之費用及負擔，被上訴人無疑將長達400天 以上等候開工期間之成本及不可預見之風險，全數轉嫁予伊 承擔，顯失公平，並有違誠信。再被上訴人之營收損失應扣 除相關成本之淨利計算。系爭契約有關逾期違約金之數額， 雖已定有工程結算總價20%之上限，但衡諸上情，仍屬過高 ，應按工程結算總價10%計算即2267萬2761元，始為合理。 爰依民法第179條規定，請求被上訴人返還不當扣款之違約 金2267萬2761元。 二、依「變電所土建...","02_輸入資料/法律課程資料庫-20260707T080337Z-3-001/法律課程資料庫/依年份分類/202409/臺灣高等法院臺中分院民事/TCHV,112,建上,55,20240918,1.json"
"80","TPDV,112,建,171,20240913,2","2024","20240913","臺灣臺北地方法院民事","給付工程違約金","建","171","ai_assumed","54401738","283","3079040","1812369","是","0.588615","0.411385","1","1","1","0","1","1","業主可歸責、承包商可歸責、展延/免計工期爭議、部分完成/部分驗收、業主已使用/受益","1","1","1","","1","1","AI:業主可歸責、AI:承包商可歸責、AI:展延/免計工期爭議、AI:部分完成/部分驗收、AI:業主已使用/受益","309","申請使照，實際遲於109年10月6日掛件申請，遲延161日部 分，不可歸責於被告，原告不得請求逾期違約金。 ㈢系爭二契約第7條第5項約定之逾期違約金之性質屬損害賠償 總額預定性違約金，原告未因申請使用執照掛件遲延而受有 損害，應不能請求被告賠償逾期違約金。縱原告卻因使照掛 件遲延而受有損害，然該違約金實有過高，應得按民法第252條規定予以酌減。 ㈣聲明為： 1.原告之訴及假執行之聲請均駁回。 2.如受不利判決，請准擔保免為假執行。 三、被告笙源公司則以： ㈠系爭二契約約定使照...","02_輸入資料/法律課程資料庫-20260707T080337Z-3-001/法律課程資料庫/依年份分類/202409/臺灣臺北地方法院民事/TPDV,112,建,171,20240913,2.json"
"81","TPDV,107,建,240,20240913,1","2024","20240913","臺灣臺北地方法院民事","給付工程款","建","240","ai_assumed","3407250","100","1675856","1317006","是","0.785871","0.214129","1","1","1","0","1","0","業主可歸責、承包商可歸責、展延/免計工期爭議、部分完成/部分驗收","1","1","1","","1","","AI:業主可歸責、AI:承包商可歸責、AI:展延/免計工期爭議、AI:部分完成/部分驗收","292","安裝不良造成漏水，伊已僱工修繕，費用6000元。 ⑶修補工程後之清潔費用3600元：因浴室漏水，伊先行僱工修 繕，修繕完畢所支付之清潔費用，應屬修補瑕疵之必要費用 。 ⒉不完全給付損害賠償6萬5910元： ⑴SGS驗屋費用3萬9700元：伊於初驗時，告知原告工程有瑕疵 ，然遭原告否認，且追加工程單價未經議定，部分單價過高 。伊僅得委請SGS公司辦理驗屋，驗屋當天，原告在場會同 ，亦在SGS「房屋查證服務簽收單」上簽名，支出驗屋費用3 萬9700元，爰依民法第227條第2項規定...","02_輸入資料/法律課程資料庫-20260707T080337Z-3-001/法律課程資料庫/依年份分類/202409/臺灣臺北地方法院民事/TPDV,107,建,240,20240913,1.json"
"82","TPDV,112,建,47,20240906,1","2024","20240906","臺灣臺北地方法院民事","損害賠償等","建","47","ai_assumed","2613339","426","1278000","1278000","否","1","0","1","0","0","1","1","1","業主可歸責、實際損害不明/偏低、部分完成/部分驗收、業主已使用/受益","1","","","1","1","1","AI:業主可歸責、AI:實際損害不明/偏低、AI:部分完成/部分驗收、AI:業主已使用/受益","291","次工程承攬 關係之意思及效果，縱認第二次工程遲延情事係可歸責於伊 ，至多僅有110年9月30日至同年11月30日期間所生之遲延損 害可歸於伊負責。況且，系爭切結書並未有如系爭契約第27 條第2項設有違約金計罰上限之約定，衡諸兩造利益、原告 所受損害程度等因素，原告請求之違約金數額顯屬過苛，爰 請求依民法第252條規定酌減其數額。 ㈢時效抗辯：附表一所示原告主張之請求權，均應適用民法第514條第1項的1年短期時效，各項請求已經一部或全部罹於時 效。 三、兩造不爭執事項（見本院卷...","02_輸入資料/法律課程資料庫-20260707T080337Z-3-001/法律課程資料庫/依年份分類/202409/臺灣臺北地方法院民事/TPDV,112,建,47,20240906,1.json"
"83","SLDV,112,建,44,20240924,1","2024","20240924","臺灣士林地方法院民事","給付工程款","建","44","ai_assumed","608316","44","3339600","75900","是","0.022727","0.977273","1","1","1","1","1","0","業主可歸責、承包商可歸責、展延/免計工期爭議、實際損害不明/偏低、部分完成/部分驗收","1","1","1","1","1","","AI:業主可歸責、AI:承包商可歸責、AI:展延/免計工期爭議、AI:實際損害不明/偏低、AI:部分完成/部分驗收","266","工44日為由，扣款逾期違約金3,339,600元。然系爭工程逾期係有如附表「原告主張展延事由 」欄所示之不可歸責於原告之事由，依系爭契約第17條第5 項第5款及第13款，原告就不可歸責原告之事由得以申請展 延，原告並未逾期完工，被告扣款並無法律上原因，應返還 不當得利。縱認被告得主張逾期違約金，本件違約金應酌減 至0元。另系爭工程既已完工並已驗收，被告即應依民法第490條及系爭契約第5條第1項第3款給付前述金額之報酬。另 外，系爭工程因不可歸責於原告之事由而延宕，致原告增加 ...","02_輸入資料/法律課程資料庫-20260707T080337Z-3-001/法律課程資料庫/依年份分類/202409/臺灣士林地方法院民事/SLDV,112,建,44,20240924,1.json"
"84","TCHV,112,建上更一,36,20240925,1","2024","20240925","臺灣高等法院臺中分院民事","給付工程款","建上更一","36","ai_assumed","2500","503","4134439","4134439","否","1","0","1","1","1","0","1","0","業主可歸責、承包商可歸責、展延/免計工期爭議、部分完成/部分驗收","1","1","1","","1","","AI:業主可歸責、AI:承包商可歸責、AI:展延/免計工期爭議、AI:部分完成/部分驗收","218","曬、回填換土，無法施作部分（日期詳如附表編號3）： ⑴兩造約定之工期既包含因受氣候影響無法施工之日曆天 （即不計施工日），上訴人於約定工期內如受氣候影響 無法施工，仍應有符合系爭注意事項附表一之情形，方 得申請展延工期。系爭注意事項附表一第17點規定「填 方工程因雨受濕致含水量過高，須翻曬風乾或土方置換 者」，可知依該點規定申請展延工期以「填方工程」為 限。稽之系爭工程監造單位所提審查分析說明：「查本 工程填方作業係配合結構物之昇層回填作業，僅路基、 擋土牆、U型導水路及抽水...","02_輸入資料/法律課程資料庫-20260707T080337Z-3-001/法律課程資料庫/依年份分類/202409/臺灣高等法院臺中分院民事/TCHV,112,建上更一,36,20240925,1.json"
"85","TCDV,111,建,99,20241025,1","2024","20241025","臺灣臺中地方法院民事","給付工程款等","建","99","ai_assumed","","44","3600000","","是","","","0","1","1","1","1","0","承包商可歸責、展延/免計工期爭議、實際損害不明/偏低、部分完成/部分驗收","","1","1","1","1","","AI:承包商可歸責、AI:展延/免計工期爭議、AI:實際損害不明/偏低、AI:部分完成/部分驗收","290","不在此限；被告於訴之變更或追加無異議，而為本案 之言詞辯論者，視為同意變更或追加，民事訴訟法第255條 第1項第1款、第2項分別定有明文。本件原告起訴時原主張 依承攬契約之約定請求被告給付新臺幣（下同）616萬元及 利息。嗣於本院民國111年8月31日準備程序期日提出書狀追 加依不當得利返還請求權請求被告給付酌減後之違約金，被 告就原告前開追加無異議，而為本案之言詞辯論，依法既應 視為同意追加，合於上揭規定，應予准許。 貳、實體方面： 一、原告主張：兩造於108年1月30日簽...","02_輸入資料/法律課程資料庫-20260707T080337Z-3-001/法律課程資料庫/依年份分類/202410/臺灣臺中地方法院民事/TCDV,111,建,99,20241025,1.json"
"86","CYDV,109,建,13,20241118,6","2024","20241118","臺灣嘉義地方法院民事","給付工程款","建","13","ai_assumed","85275000","413","136290000","98448887","是","0.722349","0.277651","1","1","1","0","1","1","業主可歸責、承包商可歸責、展延/免計工期爭議、部分完成/部分驗收、業主已使用/受益","1","1","1","","1","1","AI:業主可歸責、AI:承包商可歸責、AI:展延/免計工期爭議、AI:部分完成/部分驗收、AI:業主已使用/受益","280","未為前揭書面呈報者，事後不得以任何理由展延工期。而查 ，反訴被告泰亞營造股份有限公司既然未為前揭書面呈報， 而未以書面向反訴原告申請展延工期，事後即不得再以任何 理由展延工期。因此，反訴被告泰亞營造股份有限公司遲於 109年2月17日始取得使用執照，應認為是可歸責於反訴被告 泰亞營造股份有限公司。 (三)另查，民法第252條規定：「約定之違約金額過高者，法院 得減至相當之數額」。而查，本件兩造於105年5月30日簽訂 「沛鑫大浦美辦公樓及廠房新建工程」之合約書，於第23條 約...","02_輸入資料/法律課程資料庫-20260707T080337Z-3-001/法律課程資料庫/依年份分類/202411/臺灣嘉義地方法院民事/CYDV,109,建,13,20241118,6.json"
"87","TCHV,111,建上,84,20241210,1","2024","20241210","臺灣高等法院臺中分院民事","損害賠償等","建上","84","ai_assumed","3916593","200","3916593","3916593","否","1","0","1","1","0","1","1","1","業主可歸責、承包商可歸責、實際損害不明/偏低、部分完成/部分驗收、業主已使用/受益","1","1","","1","1","1","AI:業主可歸責、AI:承包商可歸責、AI:實際損害不明/偏低、AI:部分完成/部分驗收、AI:業主已使用/受益","302","「契約價金 總額之百分之二十為上限」，而因上訴人逾期日數已逾違約 金計算上限200日（20%1‰＝200），是以，伊亦得依系爭契 約第12條第4項、第13條第1項規定，請求上訴人給付逾期違 約金906,600元（計算式：決標金額4,553,000元×20%＝906,000元），且因上訴人違約情節重大，並無過高酌減之問題。 (四)承上，伊得請求上訴人給付共14,876,440元，經與上訴人依 約所得請求應付未付之服務費用1,906,335元為抵銷後，上 訴人應給付伊12,97...","02_輸入資料/法律課程資料庫-20260707T080337Z-3-001/法律課程資料庫/依年份分類/202412/臺灣高等法院臺中分院民事/TCHV,111,建上,84,20241210,1.json"
"88","SCDV,113,建,6,20241231,1","2024","20241231","臺灣新竹地方法院民事","給付工程款","建","6","ai_assumed","5003633","74","4107148","3996955","是","0.97317","0.02683","0","1","1","1","1","1","承包商可歸責、展延/免計工期爭議、實際損害不明/偏低、部分完成/部分驗收、業主已使用/受益","","1","1","1","1","1","AI:承包商可歸責、AI:展延/免計工期爭議、AI:實際損害不明/偏低、AI:部分完成/部分驗收、AI:業主已使用/受益","265","連性，而就原請求之訴訟 及證據資料於相當程度範圍內具有同一性或一體性，在審理 時得加以利用，俾先後兩請求可在同一程序得加以解決，以 避免重複審理，庶能統一解決紛爭，用符訴訟經濟者即屬之 （最高法院96年台上第471號民事判決要旨參照）。原告起 訴時原主張請求權基礎為兩造簽訂之工程契約，並請求依民 法第252條規定酌減違約金。嗣於民國113年10月9日追加民 法第251條規定為請求權基礎（見本院卷第253頁），核原告 前開所為訴之變更，請求之基礎事實同一，合於前揭規定， 應予准...","02_輸入資料/法律課程資料庫-20260707T080337Z-3-001/法律課程資料庫/依年份分類/202412/臺灣新竹地方法院民事/SCDV,113,建,6,20241231,1.json"
"89","TCDV,112,建,14,20250122,1","2025","20250122","臺灣臺中地方法院民事","請求工程款","建","14","ai_assumed","579337881","229","149063636","115867576","是","0.777303","0.222697","1","1","1","1","1","1","業主可歸責、承包商可歸責、展延/免計工期爭議、實際損害不明/偏低、部分完成/部分驗收、業主已使用/受益","1","1","1","1","1","1","AI:業主可歸責、AI:承包商可歸責、AI:展延/免計工期爭議、AI:實際損害不明/偏低、AI:部分完成/部分驗收、AI:業主已使用/受益","507","元（計算式：447,191元×368 天），已逾系爭契約總價金20％之上限，以系爭契約總價金20％計罰違約金115,867,576元（計算式：579,337,881元×20％ ，未滿元部分四捨五入），而自應給付原告工程款中逕扣除 115,867,576元。惟上開逾期違約金額有所違誤，應依系爭 契約條款或依法酌減，即按原告於109年1月18日未完工比例 3.78％每日3‰計罰65,697元（計算式：579,337,881元×3.78％ ×3‰，未滿元部分四捨五入)，並扣除不可歸...","02_輸入資料/法律課程資料庫-20260707T080337Z-3-001/法律課程資料庫/依年份分類/202501/臺灣臺中地方法院民事/TCDV,112,建,14,20250122,1.json"
"90","TNHV,112,建上,25,20250213,1","2025","20250213","臺灣高等法院臺南分院民事","給付工程款","建上","25","ai_assumed","52507589","20","13348403","13348403","否","1","0","1","1","1","0","1","0","業主可歸責、承包商可歸責、展延/免計工期爭議、部分完成/部分驗收","1","1","1","","1","","AI:業主可歸責、AI:承包商可歸責、AI:展延/免計工期爭議、AI:部分完成/部分驗收","368","改 善完成，也是在系爭工程如前述展延後竣工日之前，是伊亦 無遲延驗收缺失改善期限。新工分局竟以伊遲延竣工87天、 驗收改善遲延32天，共計逾期119天為由，計罰違約金共1億 1,334萬8,403元，並以此數額扣抵工程尾款。伊既無逾期情 事，新工分局不應扣罰逾期違約金，縱認伊有遲延完工，亦 請鈞院依民法第252條之規定，酌減違約金。 ㈡系爭工程原已因附表一所示因素，展延工期共計333天，扣除 其中次序1-3、6因颱風天候因素造成展延的22天（按：次序 1-3、6原合計可展延2...","02_輸入資料/法律課程資料庫-20260707T080337Z-3-001/法律課程資料庫/依年份分類/202502/臺灣高等法院臺南分院民事/TNHV,112,建上,25,20250213,1.json"
"91","KSHV,112,建上,5,20250226,2","2025","20250226","臺灣高等法院高雄分院民事","給付工程款","建上","5","ai_assumed","508839888","48","97226920","84649525","是","0.870639","0.129361","1","1","1","0","1","0","業主可歸責、承包商可歸責、展延/免計工期爭議、部分完成/部分驗收","1","1","1","","1","","AI:業主可歸責、AI:承包商可歸責、AI:展延/免計工期爭議、AI:部分完成/部分驗收","347","日期，伊亦已於同年5月10日完工，並無逾期完工之情 事。 ⒊惟新工處以系爭工程逾期完工132日、驗收改善逾期59日、 系爭粉刷工項逾期完工26日為由，對伊計收逾期罰款，而 拒絕給付工程款餘額新台幣（下同）84,649,525元予伊。 縱認新工處得請求賠償逾期罰款，其金額亦屬過高，應依 民法第252條規定予以酌減。是以，伊得依系爭契約，請 求新工處加計法定遲延利息給付84,649,525元。 ㈡系爭工程既有如附表一所示之展延工期事由，且不可歸責於 伊，則就展延期間額外增加之勞工...","02_輸入資料/法律課程資料庫-20260707T080337Z-3-001/法律課程資料庫/依年份分類/202502/臺灣高等法院高雄分院民事/KSHV,112,建上,5,20250226,2.json"
"92","KSDV,112,訴,602,20250227,1","2025","20250227","臺灣高雄地方法院民事","給付承攬報酬","訴","602","ai_assumed","22433400","412","9888000","9888000","否","1","0","0","1","0","1","1","0","承包商可歸責、實際損害不明/偏低、部分完成/部分驗收","","1","","1","1","","AI:承包商可歸責、AI:實際損害不明/偏低、AI:部分完成/部分驗收","295","誤修繕，對原告為違約金扣罰 之主張，自不得再向原告請求違約金。縱鈞院認兩造未經訴 訟外和解，系爭補充備忘錄第5條約定之違約金，為損害賠 償額預定性質違約金，原告在系爭設備故障後，為避免影響 師生權益，已採取手動啟停等必要替代措施，維持設備功能 正常運作，並未造成被告實際損害，故該條約定之違約金顯 然過高，應予酌減。縱認不應酌減，仍應有系爭契約第18條 第3項違約金上限約定之適用，即最高僅得請求尚未給付之 第5、6期款總金額之20﹪即79萬5000元（計算式：397萬5000 ...","02_輸入資料/法律課程資料庫-20260707T080337Z-3-001/法律課程資料庫/依年份分類/202502/臺灣高雄地方法院民事/KSDV,112,訴,602,20250227,1.json"
"93","KMHV,110,重上,3,20250221,2","2025","20250221","福建高等法院金門分院民事","給付工程款","重上","3","ai_assumed","46445000","165","46445000","46445000","否","1","0","1","1","1","1","1","0","業主可歸責、承包商可歸責、展延/免計工期爭議、實際損害不明/偏低、部分完成/部分驗收","1","1","1","1","1","","AI:業主可歸責、AI:承包商可歸責、AI:展延/免計工期爭議、AI:實際損害不明/偏低、AI:部分完成/部分驗收","286","人數起，至102年1月8 日另採購緊急發電機止，耗時151日，顯非可歸責於伊，自 得展延工期。故伊僅逾期165日，按每日依契約總價金1‰計 算，逾期違約金應為2億1895萬5000元，連江縣政府溢扣工 程款4644萬5000元。況前開逾期違約金為損害賠償總額預定 性質，連江縣政府如無損害，不得請求，且其金額亦過高， 依法應酌減。另伊於104年7月31日完成交船，經命名為「臺 馬之星」，由參加人連江航業公司受連江縣政府委託負責經 營，參加人新華公司負責船務、營運及平日保養維修工...","02_輸入資料/法律課程資料庫-20260707T080337Z-3-001/法律課程資料庫/依年份分類/202502/福建高等法院金門分院民事/KMHV,110,重上,3,20250221,2.json"
"94","CYDV,110,建,34,20250317,1","2025","20250317","臺灣嘉義地方法院民事","給付工程款","建","34","ai_assumed","70590","283","1302880","631890","是","0.484995","0.515005","1","1","1","1","1","0","業主可歸責、承包商可歸責、展延/免計工期爭議、實際損害不明/偏低、部分完成/部分驗收","1","1","1","1","1","","AI:業主可歸責、AI:承包商可歸責、AI:展延/免計工期爭議、AI:實際損害不明/偏低、AI:部分完成/部分驗收","334","工程進行中更換綁鐵、水 電包商，及反訴被告就系爭住宅工程之一樓及頂版工程不可 能於110年2月22日完工，甚至連進場都有問題。再者，反訴 原告與其他承攬廠商都有糾紛，故反訴原告主張之完工日期 顯不可採，系爭工程遲延與反訴被告無關。縱若認反訴被告 有工程逾期之事實，反訴原告請求之違約金及加罰罰金亦屬 過高，顯不合理，應依民法第252條規定予以酌減等語，並 聲明：反訴原告之訴駁回；如受不利益之判決，願供擔保請 准予免為假執行。 參、本件經協議簡化兩造不爭執事項、爭執事項（含本訴及...","02_輸入資料/法律課程資料庫-20260707T080337Z-3-001/法律課程資料庫/依年份分類/202503/臺灣嘉義地方法院民事/CYDV,110,建,34,20250317,1.json"
"95","TPHV,112,重上更一,108,20250319,1","2025","20250319","臺灣高等法院民事","給付工程款等","重上更一","108","ai_assumed","91797045","31","21390000","13553273","是","0.633627","0.366373","1","1","1","1","1","1","業主可歸責、承包商可歸責、展延/免計工期爭議、實際損害不明/偏低、部分完成/部分驗收、業主已使用/受益","1","1","1","1","1","1","AI:業主可歸責、AI:承包商可歸責、AI:展延/免計工期爭議、AI:實際損害不明/偏低、AI:部分完成/部分驗收、AI:業主已使用/受益","266",")，又系爭契約第20條所指約定總價應為最初 之1億0695萬元，兩造並不爭執（見前審卷二第444頁）， 故依該條約定每逾1日按該總價千分之3計算，泛亞公司應 得請求之逾期違約金即為1507萬9950元（1億0695萬元×3/ 1000×47日=1507萬9950元）。 ⑵泉慶公司雖主張前開違約金有過高之嫌而應酌減云云。然 按約定之違約金額過高者，法院得減至相當之數額，為民 法第252條所明定，此規定乃係賦與法院得依兩造所提出 之事證資料，斟酌社會經濟狀況並平衡兩造利益而為妥適...","02_輸入資料/法律課程資料庫-20260707T080337Z-3-001/法律課程資料庫/依年份分類/202503/臺灣高等法院民事/TPHV,112,重上更一,108,20250319,1.json"
"96","TPDV,112,建,114,20250430,1","2025","20250430","臺灣臺北地方法院民事","給付工程款等","建","114","ai_assumed","63000000","18","52442727","47917344","是","0.913708","0.086292","1","1","1","0","1","0","業主可歸責、承包商可歸責、展延/免計工期爭議、部分完成/部分驗收","1","1","1","","1","","AI:業主可歸責、AI:承包商可歸責、AI:展延/免計工期爭議、AI:部分完成/部分驗收","398","公司於108年11 月20日進行申挖時，發現外管線接管設計有誤，無法進行外 管線接管作業。經大台北瓦斯公司檢討，於109年1月14日重 新申挖完成瓦斯外管線接管作業。 ③綜上，因消防設備變更、瓦斯管線作業延宕，以致109年4月1 日方通過消防檢查，影響後續使照取得，應展延214日。 ⒊原告請求按民法第251條、第252條規定，減少或酌減逾期完 工違約金： 系爭工程自都審階段、申請建照、污排水設備審查階段，發 生不可歸責於原告之事由，致履約遲延。原告於申請建照執 照及履約過程，...","02_輸入資料/法律課程資料庫-20260707T080337Z-3-001/法律課程資料庫/依年份分類/202504/臺灣臺北地方法院民事/TPDV,112,建,114,20250430,1.json"
"97","TPHV,109,建上,85,20250422,1","2025","20250422","臺灣高等法院民事","給付工程款","建上","85","ai_assumed","5139668","200","46792515","8826","是","0.000189","0.999811","1","1","1","1","1","1","業主可歸責、承包商可歸責、展延/免計工期爭議、實際損害不明/偏低、部分完成/部分驗收、業主已使用/受益","1","1","1","1","1","1","AI:業主可歸責、AI:承包商可歸責、AI:展延/免計工期爭議、AI:實際損害不明/偏低、AI:部分完成/部分驗收、AI:業主已使用/受益","370","天為由，依 系爭契約第17條第1項約定對伊有逾期違約金債權新臺幣（ 下同）1億5,149萬8,826元，於108年6月17日逕自應給付伊 之工程款扣抵，並開立繳款書收據予伊。然系爭工程施工期 間有如附表一所示不可歸責於伊之展延或免計工期事由，伊 並無逾期。又縱認伊之履約仍有遲延，然違約金之約定顯屬 過高，應予酌減，其得一部請求被上訴人返還伊不當扣款1 億4,679萬2,515元。爰依民法第179條前段及系爭契約規定 ，求為判命被上訴人給付1億4,679萬2,515元，及自10...","02_輸入資料/法律課程資料庫-20260707T080337Z-3-001/法律課程資料庫/依年份分類/202504/臺灣高等法院民事/TPHV,109,建上,85,20250422,1.json"
"98","TPHV,107,建上,3,20250408,1","2025","20250408","臺灣高等法院民事","給付工程款等","建上","3","ai_assumed","9534937","9","23223904","9040000","是","0.389254","0.610746","1","1","1","1","1","0","業主可歸責、承包商可歸責、展延/免計工期爭議、實際損害不明/偏低、部分完成/部分驗收","1","1","1","1","1","","AI:業主可歸責、AI:承包商可歸責、AI:展延/免計工期爭議、AI:實際損害不明/偏低、AI:部分完成/部分驗收","306","重新申請費用176萬元、機電技師簽證 費20萬元、車位減少損害415萬元、代金382萬4646元，並沒收 履約保證金452萬元，若再加計逾期違約金904萬元，總額高達 2814萬3722元，已逾系爭工程之結算總價2733萬7581元(佶福 公司實際主張結算總價為 2717萬7585元)，方堤企業社主張逾 期違約金904萬元，要屬過高，而應酌減為527萬3333元【計算 式：182÷(182+130) * 904萬元】或452萬元【計算式：4520萬 元 * 0.1】。另方堤企...","02_輸入資料/法律課程資料庫-20260707T080337Z-3-001/法律課程資料庫/依年份分類/202504/臺灣高等法院民事/TPHV,107,建上,3,20250408,1.json"
"99","ULDV,112,建,10,20250529,1","2025","20250529","臺灣雲林地方法院民事","給付工程款","建","10","ai_assumed","10489482","","10489482","10489482","否","1","0","1","1","0","1","1","0","業主可歸責、承包商可歸責、實際損害不明/偏低、部分完成/部分驗收","1","1","","1","1","","AI:業主可歸責、AI:承包商可歸責、AI:實際損害不明/偏低、AI:部分完成/部分驗收","343","如認原告上開主張為不可採，惟被告既未 因原告處理契約以外餘土4,140㎥之行為而受有損害，則被 告依系爭契約第9條第(卅一)項第2款第(1)目之規定，按 違規數量4,140㎥乘以契約餘土22,846.7㎥單價金額之10倍 計算違約金，顯非合理，違反比例原則，自應依民法第252條之規定予以酌減。由於被告並未因原告違約而受有金 錢上之損害，考量原告已經完成清運契約約定餘土數量22 ,846.7㎥，而因清運契約外餘土4,140㎥未依規定處理，遭 罰6萬元，已知警惕，無再予重罰之必要...","02_輸入資料/法律課程資料庫-20260707T080337Z-3-001/法律課程資料庫/依年份分類/202505/臺灣雲林地方法院民事/ULDV,112,建,10,20250529,1.json"
"100","TNHV,113,建上,14,20250508,1","2025","20250508","臺灣高等法院臺南分院民事","給付工程款","建上","14","ai_assumed","3543378","48","3543378","3543378","否","1","0","1","0","1","1","1","0","業主可歸責、展延/免計工期爭議、實際損害不明/偏低、部分完成/部分驗收","1","","1","1","1","","AI:業主可歸責、AI:展延/免計工期爭議、AI:實際損害不明/偏低、AI:部分完成/部分驗收","321","其就初驗缺失改善並無逾期，又縱有逾期，亦應依社團法人 台灣省水利技師公會之鑑定報告（下稱系爭鑑定報告）認定 僅有7日，並應按行政院公共工程委員會（下稱工程會）所 公布之「工程採購契約範本」（下稱契約範本），就未完成 缺失改善部分工項金額以每日3‰計算逾期違約金，僅應扣罰 128元，且逾期違約金約定金額尚屬過高，請求依民法第252 條規定予以酌減等情。爰依系爭契約第3條第1款或民法第490條、第491條之規定，求為判命六分署應給付穎昌公司354 萬3,378元，及自109年4月...","02_輸入資料/法律課程資料庫-20260707T080337Z-3-001/法律課程資料庫/依年份分類/202505/臺灣高等法院臺南分院民事/TNHV,113,建上,14,20250508,1.json"
"101","ULDV,113,建,3,20250620,2","2025","20250620","臺灣雲林地方法院民事","給付工程款","建","3","ai_assumed","27582680","668","94750","27576","是","0.29104","0.70896","1","1","1","1","1","0","業主可歸責、承包商可歸責、展延/免計工期爭議、實際損害不明/偏低、部分完成/部分驗收","1","1","1","1","1","","AI:業主可歸責、AI:承包商可歸責、AI:展延/免計工期爭議、AI:實際損害不明/偏低、AI:部分完成/部分驗收","610","事 由，卻將增加及延誤工期之不利益歸由原告承擔，顯非公平 ，被告就原告之處罰實屬不當，自應依民法不當得利之規定 返還原告違約金罰款551萬5,288元。退而言之，被告依系爭 契約第17條第4項之約定，以契約價金20％為上限處以原告逾 期違約金以551萬5,288元，顯非合理，違反比例原則，請鈞 院依民法第252條之規定予以酌減。 ㈧就被告主張營造保險逾期40天應予扣罰1,893元一節，原告不 爭執。 ㈨就被告扣留水電申請之款項9萬4,750元部分，原告不同意， 蓋因水電申請必...","02_輸入資料/法律課程資料庫-20260707T080337Z-3-001/法律課程資料庫/依年份分類/202506/臺灣雲林地方法院民事/ULDV,113,建,3,20250620,2.json"
"102","CHDV,111,建,48,20250619,1","2025","20250619","臺灣彰化地方法院民事","給付工程款","建","48","ai_assumed","82590623","10","92930001","15840001","是","0.170451","0.829549","1","1","1","1","1","0","業主可歸責、承包商可歸責、展延/免計工期爭議、實際損害不明/偏低、部分完成/部分驗收","1","1","1","1","1","","AI:業主可歸責、AI:承包商可歸責、AI:展延/免計工期爭議、AI:實際損害不明/偏低、AI:部分完成/部分驗收","477","原告，原告於同年月18日繳費，原告繳納時已逾 工程驗收合格次日起10日。 二、本件爭點： ㈠展延工期部分： 系爭工程除被告已核准展延之日數外，得否再為展延？如可 ，合理之展延日數為何（不含被告已核准展延之日數）？ ㈡原告請求增加工程管理費1,827萬472元之部分，是否有據？ ㈢如展延後仍有逾期的情形，則逾期違約金是否過高？ ㈣被告因認原告逾期繳納「瀝青混凝土挖（刨）除料殘值」款 項計罰遲延違約金4萬5,504元，是否有據？ 肆、本院之判斷： 一、上開兩造不爭執事項，既為兩造...","02_輸入資料/法律課程資料庫-20260707T080337Z-3-001/法律課程資料庫/依年份分類/202506/臺灣彰化地方法院民事/CHDV,111,建,48,20250619,1.json"
"103","ULDV,113,建,10,20250630,1","2025","20250630","臺灣雲林地方法院民事","給付工程款","建","10","ai_assumed","29640000","28","33557955","33557955","否","1","0","1","1","1","0","1","0","業主可歸責、承包商可歸責、展延/免計工期爭議、部分完成/部分驗收","1","1","1","","1","","AI:業主可歸責、AI:承包商可歸責、AI:展延/免計工期爭議、AI:部分完成/部分驗收","308","元。而原告之所以工期遲延係可歸責於被告變更設 計、追加工程所致，是原告應將上開6,711,591元工程款給 付予原告。若鈞院認原告有遲延工期之情，因系爭工程變更 設計後之工程依系爭工程契約之約定，應由兩造協議工程， 惟被告片面決定工期長短，且未能審酌工程之實際狀況，是 系爭工程之遲延，被告亦多有可歸責之情，有酌減違約金之 必要。 ㈢、系爭工程契約之工作項目不包含向雲林縣政府申請使用執照 乙事，然被告卻將未於規定期限內申請使用執照而遭雲林縣 政府罰款6,000元之責任歸於原告，...","02_輸入資料/法律課程資料庫-20260707T080337Z-3-001/法律課程資料庫/依年份分類/202506/臺灣雲林地方法院民事/ULDV,113,建,10,20250630,1.json"
"104","TPHV,113,建上,46,20250610,1","2025","20250610","臺灣高等法院民事","返還違約金","建上","46","ai_assumed","70446175","21","30426783","4527978","是","0.148816","0.851184","0","1","1","1","1","0","承包商可歸責、展延/免計工期爭議、實際損害不明/偏低、部分完成/部分驗收","","1","1","1","1","","AI:承包商可歸責、AI:展延/免計工期爭議、AI:實際損害不明/偏低、AI:部分完成/部分驗收","285","系爭違約 金約定），按逾期日數每日依系爭工程結算金額新臺幣（下 同）6億7,044萬6,175元之1‰計算逾期違約金，對伊計罰3,452萬7,978元，且自應給付之工程款中扣抵。 ㈡惟本件違約金額占伊所得利潤比例甚高，且系爭工程逾期係 肇因於諸多施工艱困情形，被上訴人復未證明其受有何損害 ，故違約金實屬過高。又系爭工程先後於109年10月7日、110年10月30日開放北上線通車及全線通車時，工程進度各達58.95%及96.745%，伊既已一部履行並使被上訴人享有通車利 益，故...","02_輸入資料/法律課程資料庫-20260707T080337Z-3-001/法律課程資料庫/依年份分類/202506/臺灣高等法院民事/TPHV,113,建上,46,20250610,1.json"
"105","PCDV,113,訴,1122,20250731,1","2025","20250731","臺灣新北地方法院民事","給付工程款","訴","1122","ai_assumed","984749","31","984749","720077","是","0.731229","0.268771","1","1","0","1","1","0","業主可歸責、承包商可歸責、實際損害不明/偏低、部分完成/部分驗收","1","1","","1","1","","AI:業主可歸責、AI:承包商可歸責、AI:實際損害不明/偏低、AI:部分完成/部分驗收","305","五條第二項第(1)款 預定之工程期限內完成時，則乙方應依下列方式賠償逾期違 約金予甲方：每逾一日逾期違約金為新台幣工程總價之千分 之五」等語，是各承攬契約並未特別約定違約金為懲罰性違 約金，參酌民法第250條規定及實務見解，應認為兩造所約 定之逾期違約金為損害賠償額預定性違約金，並於審酌違約 金是否過高時應考量債權人實際所受損害。又本件審理中被 告雖已提出與其上包商聯合再生能源股份有限公司（下稱聯 合再生公司）之報表及電子郵件截圖，說明被告亦遭聯合再 生公司追討逾期違約金。然...","02_輸入資料/法律課程資料庫-20260707T080337Z-3-001/法律課程資料庫/依年份分類/202507/臺灣新北地方法院民事/PCDV,113,訴,1122,20250731,1.json"
"106","TPDV,114,建,6,20250912,1","2025","20250912","臺灣臺北地方法院民事","返還不當得利","建","6","ai_assumed","50921424","47","10184284","8628252","是","0.847212","0.152788","0","1","1","1","1","1","承包商可歸責、展延/免計工期爭議、實際損害不明/偏低、部分完成/部分驗收、業主已使用/受益","","1","1","1","1","1","AI:承包商可歸責、AI:展延/免計工期爭議、AI:實際損害不明/偏低、AI:部分完成/部分驗收、AI:業主已使用/受益","421","元）。 ㈢縱依契約價金5092萬1424元計算違約131日，亦應考量建照核 准遲延、歷經候鳥度冬期無法進行結構工程，甚至受到疫情 影響，致建築人力、原物料短缺等非可歸責於原告事由，如 以原告違約131日為基準計算之逾期違約金為667萬707元（ 計算式：5092萬1424元×1‰×131日＝667萬707元），實屬過高 ，應依民法第251條、第252條規定酌減逾期違約金至158萬157元，始為適當。則被告扣罰逾期違約金1018萬4284元，於 超過158萬157元部分，並無法...","02_輸入資料/法律課程資料庫-20260707T080337Z-3-001/法律課程資料庫/依年份分類/202509/臺灣臺北地方法院民事/TPDV,114,建,6,20250912,1.json"
"107","TCDV,110,建,45,20250912,2","2025","20250912","臺灣臺中地方法院民事","給付工程款","建","45","ai_assumed","342038","19","21379167","21379167","否","1","0","1","1","1","1","1","0","業主可歸責、承包商可歸責、展延/免計工期爭議、實際損害不明/偏低、部分完成/部分驗收","1","1","1","1","1","","AI:業主可歸責、AI:承包商可歸責、AI:展延/免計工期爭議、AI:實際損害不明/偏低、AI:部分完成/部分驗收","341","之，倘認原告主張之展 延工期並非全部有理由，原告履約確有遲延，然主因在於風 雨走廊工程變更設計，被告依法應辦理建築執照變更設計方 得繼續施工，原告並無履行違法行為之契約義務，並非原告 有重大違約之情事，且系爭工程遲延完工並未對被告造成實 際上經濟損害，被告以每日10萬7433元計罰逾期違約金，顯 屬過高，應予酌減。 ㈡承上，原告履約並無逾期，系爭工程自原預定竣工日106年1 月19日至實際竣工日107年4月25日，延長工期461天，扣除 政府法令變更等不可抗力因素37天，原告...","02_輸入資料/法律課程資料庫-20260707T080337Z-3-001/法律課程資料庫/依年份分類/202509/臺灣臺中地方法院民事/TCDV,110,建,45,20250912,2.json"
"108","TPDV,113,建,253,20251022,1","2025","20251022","臺灣臺北地方法院民事","返還不當得利","建","253","ai_assumed","90474137","19","41590398","29514136","是","0.709638","0.290362","0","1","1","1","1","0","承包商可歸責、展延/免計工期爭議、實際損害不明/偏低、部分完成/部分驗收","","1","1","1","1","","AI:承包商可歸責、AI:展延/免計工期爭議、AI:實際損害不明/偏低、AI:部分完成/部分驗收","509","90,474,137）。 ㈣又系爭工程履約階段因受疫情、缺工缺料影響，原告提報辦 理「第一階段工期展延189日」，並經臺北市政府採購申訴 審議委員會（下稱申訴審議委員會）於111年12月23日府法 申字第1110091575號調解（下稱系爭調解）成立，兩造達成 就第一階段逾期違約金每日計罰比例由0.5‰酌減至0.25‰之 合意，故系爭工程第一階段工程逾期違約金應為1,262萬1,385元（計算式：590,474,137×0.25‰×85.5=12,621,385）。 綜上所述...","02_輸入資料/法律課程資料庫-20260707T080337Z-3-001/法律課程資料庫/依年份分類/202510/臺灣臺北地方法院民事/TPDV,113,建,253,20251022,1.json"
"109","TCDV,110,建,70,20251128,1","2025","20251128","臺灣臺中地方法院民事","給付承攬報酬等","建","70","ai_assumed","45388","30","453879280","453879280","否","1","0","1","1","1","0","1","0","業主可歸責、承包商可歸責、展延/免計工期爭議、部分完成/部分驗收","1","1","1","","1","","AI:業主可歸責、AI:承包商可歸責、AI:展延/免計工期爭議、AI:部分完成/部分驗收","502","百分之32【計 算式：（143＋51）/600=0.32】，對於原告之工班、材料、 動線、機具調度均產生巨大影響，惟原告仍戮力配合被告各 項需求，使同時期施工之機電工程能如期、如質發揮使用目 的性，使本件主體工程即淨水廠於汛期前已可投入運作（於 被告認定逾期期間已在運作），請求鈞院斟酌上情，依民法 第252條職權酌減原告之違約金。再者，淨水廠於108年1月16日順利通水，可見系爭工程功能已具備，縱有微小部分瑕 疵，應僅屬缺失範疇，不影響系爭工程正常使用，此由另標 機電廠商政東...","02_輸入資料/法律課程資料庫-20260707T080337Z-3-001/法律課程資料庫/依年份分類/202511/臺灣臺中地方法院民事/TCDV,110,建,70,20251128,1.json"
"110","TNDV,113,訴,1627,20251121,1","2025","20251121","臺灣臺南地方法院民事","給付工程款","訴","1627","ai_assumed","27279000","8","27279000","1678689","是","0.061538","0.938462","0","1","1","1","1","0","承包商可歸責、展延/免計工期爭議、實際損害不明/偏低、部分完成/部分驗收","","1","1","1","1","","AI:承包商可歸責、AI:展延/免計工期爭議、AI:實際損害不明/偏低、AI:部分完成/部分驗收","341","判決意旨，被告仍 須證明其受有損害，否則無由向原告主張逾期違約金。 又被告所稱因原告遲延提供履約標的而受有「延後使用該 等設備之損害」，實質上應屬「所失利益」，依系爭契約 第15條第10項第1款約定，原告所負賠償責任不包括非因 故意或重大過失所致之「所失利益」。另上揭違約金之約 定過高，請求本院依民法第252條規定，將違約金酌減至 零等語。 （三）並聲明： １、被告應給付原告1,521,651元，及其中703,281元自起訴狀 繕本送達翌日起、其中818,370元自追加起訴狀...","02_輸入資料/法律課程資料庫-20260707T080337Z-3-001/法律課程資料庫/依年份分類/202511/臺灣臺南地方法院民事/TNDV,113,訴,1627,20251121,1.json"
"111","CHDV,111,建,49,20251126,1","2025","20251126","臺灣彰化地方法院民事","給付工程款","建","49","ai_assumed","4580000","294","2010000","1110002","是","0.55224","0.44776","1","1","1","1","1","1","業主可歸責、承包商可歸責、展延/免計工期爭議、實際損害不明/偏低、部分完成/部分驗收、業主已使用/受益","1","1","1","1","1","1","AI:業主可歸責、AI:承包商可歸責、AI:展延/免計工期爭議、AI:實際損害不明/偏低、AI:部分完成/部分驗收、AI:業主已使用/受益","320","28至29之汙水設計費、簽證、勘驗合格費，原均 未見於系爭契約，故非系爭工程之內容，原告自得列 為追加工程。至項次22之滴水條確有施作完成，而其 施作位置位於原證3照片所示之屋頂黑色線條處，被 告所稱未施作，應有誤會。 ⒏被告計算之逾期違約金430萬620元，應屬過高，故有依 民法第252條予以酌減之必要： ⑴按當事人得約定債務人於債務不履行時，應支付違約 金；違約金，除當事人另有訂定外，視為因不履行而 生損害之賠償總額。其約定如債務人不於適當時期或 不依適當方法履行債務時，...","02_輸入資料/法律課程資料庫-20260707T080337Z-3-001/法律課程資料庫/依年份分類/202511/臺灣彰化地方法院民事/CHDV,111,建,49,20251126,1.json"
"112","TNHV,110,建上,18,20251226,1","2025","20251226","臺灣高等法院臺南分院民事","給付工程款","建上","18","ai_assumed","23186007","1","97242922","25529868","是","0.262537","0.737463","1","0","1","1","1","0","業主可歸責、展延/免計工期爭議、實際損害不明/偏低、部分完成/部分驗收","1","","1","1","1","","AI:業主可歸責、AI:展延/免計工期爭議、AI:實際損害不明/偏低、AI:部分完成/部分驗收","444","份有限公司00230工程採購投標須知（下稱工程採購投標須 知）第5條第㈢款、99年12月29日採購契約要項（下稱採購契 約要項）第48點第㈡款之規定，縱使上訴人有逾分期之進度 ，但未逾最後竣工期限，被上訴人應將已收取之違約金共計 2,318萬6,007元發還與上訴人。縱認被上訴人得計收逾期違 約金，金額亦屬過高，應予酌減。又系爭契約漏未設計第4 期MH5沉箱擋土牆及第7期#9塔基連接站臨時擋土牆，此部分 上訴人額外支出工程費用為189萬2,337元，被上訴人應予償 還。被上訴...","02_輸入資料/法律課程資料庫-20260707T080337Z-3-001/法律課程資料庫/依年份分類/202512/臺灣高等法院臺南分院民事/TNHV,110,建上,18,20251226,1.json"
"113","CYDV,114,重訴,12,20251230,1","2025","20251230","臺灣嘉義地方法院民事","返還履約保證金","重訴","12","ai_assumed","370028888","60","16946000","16946000","否","1","0","1","1","1","1","1","1","業主可歸責、承包商可歸責、展延/免計工期爭議、實際損害不明/偏低、部分完成/部分驗收、業主已使用/受益","1","1","1","1","1","1","AI:業主可歸責、AI:承包商可歸責、AI:展延/免計工期爭議、AI:實際損害不明/偏低、AI:部分完成/部分驗收、AI:業主已使用/受益","417","則依系爭原契約書第5條第2項約定，被告即應275地號 土地合建案之履約保證金1,716萬元返還原告。 ⒉275-1地號土地合建案部分：該合建案雖因原告違約情事遭被 告解除契約，惟因如下情事，無論系爭原契約第26條第3項 約定之違約金性質係屬懲罰性違約金或損害賠償總額預定之 違約金，依民法第251、252條規定，均得酌減，故本件違約 金因如下事項，應僅酌減2,061,930元，其餘履約保證金17, 778,070元應返還原告： ⑴被告解除契約實際上所受損害僅有訴訟費用2,061...","02_輸入資料/法律課程資料庫-20260707T080337Z-3-001/法律課程資料庫/依年份分類/202512/臺灣嘉義地方法院民事/CYDV,114,重訴,12,20251230,1.json"
"114","TPDV,113,建,266,20251224,4","2025","20251224","臺灣臺北地方法院民事","返還違約金等","建","266","ai_assumed","47123810","1","174900","8962","是","0.051241","0.948759","0","0","0","1","1","0","實際損害不明/偏低、部分完成/部分驗收","","","","1","1","","AI:實際損害不明/偏低、AI:部分完成/部分驗收","319","工程違約金超 過分項工程款之案件共計63件，金額181萬6247元，兩案違 約金合計溢扣781萬8707元。 (四)被告溢扣之上開罰款、違約金總計為871萬9307元(90萬0600 元＋781萬8707元)，依民法第179條規定，應返還予原告。縱 認被告以總工程款20%計算違約金額上限有理由，被告亦得 依民法第252條規定請求酌減違約金至各分項工程款結算金 額20%為限，依民法第179條規定請求被告返還781萬8707元 。 (五)聲明：被告應給付原告871萬9307元，及...","02_輸入資料/法律課程資料庫-20260707T080337Z-3-001/法律課程資料庫/依年份分類/202512/臺灣臺北地方法院民事/TPDV,113,建,266,20251224,4.json"
"115","KSHV,114,上,88,20251217,1","2025","20251217","臺灣高等法院高雄分院民事","給付承攬報酬","上","88","ai_assumed","22433400","59","9888000","9888000","否","1","0","0","0","0","1","1","0","實際損害不明/偏低、部分完成/部分驗收","","","","1","1","","AI:實際損害不明/偏低、AI:部分完成/部分驗收","275","惟輔英科大竟無 端以依約非應負限期修繕、如附表所示之設備故障（下稱系 爭設備故障），主張伊修繕遲延，並以伊應負逾期違約金9, 888,000元為由，抵銷伊可請領之第5、6期工程款，復拒絕 返還系爭定存單。然輔英科大所為違約金請求，未斟酌伊進 行修繕之必要時間，且縱可向伊請求違約金，其請求之金額 亦屬過高，應予酌減，並應受系爭契約第18條第3項上限之 限制，自不得拒絕全部給付上開未付工程款。為此，爰依系 爭變更協議書第1條第2項、系爭契約第14條第2項，提起本 訴，並聲明：㈠輔...","02_輸入資料/法律課程資料庫-20260707T080337Z-3-001/法律課程資料庫/依年份分類/202512/臺灣高等法院高雄分院民事/KSHV,114,上,88,20251217,1.json"
"116","KSDV,109,建,81,20260213,1","2026","20260213","臺灣高雄地方法院民事","給付工程款","建","81","ai_assumed","117000000","600","22499888","12379911","是","0.550221","0.449779","1","1","1","0","1","1","業主可歸責、承包商可歸責、展延/免計工期爭議、部分完成/部分驗收、業主已使用/受益","1","1","1","","1","1","AI:業主可歸責、AI:承包商可歸責、AI:展延/免計工期爭議、AI:部分完成/部分驗收、AI:業主已使用/受益","351","額各為若干？ ㈤被告二人就施工逾期違約金14,819,081元(即台境公司被證2) 、改善逾期違約金71,000元(即被證37表格項次5、7至12、18、20所合計及被證37-1所列函文)、其他違約金46,000元等 項目，主張可自應給付原告之工程款內扣除，有無理由？若 可扣除則被告二人各得扣除之金額為何？是否有過高而得予 以減至相當之數額之必要？ ㈥台境公司辯稱：其為原告代購設備款項36,465,285元，因此 所衍生之利息2,267,506元債權得為抵銷抗辯，是否為有理 ...","02_輸入資料/法律課程資料庫-20260707T080337Z-3-001/法律課程資料庫/依年份分類/202602/臺灣高雄地方法院民事/KSDV,109,建,81,20260213,1.json"
"117","TPHV,113,重上,4,20260429,1","2026","20260429","臺灣高等法院民事","履行契約","重上","4","ai_assumed","513965000","570","14000000","14000000","否","1","0","1","1","1","1","1","1","業主可歸責、承包商可歸責、展延/免計工期爭議、實際損害不明/偏低、部分完成/部分驗收、業主已使用/受益","1","1","1","1","1","1","AI:業主可歸責、AI:承包商可歸責、AI:展延/免計工期爭議、AI:實際損害不明/偏低、AI:部分完成/部分驗收、AI:業主已使用/受益","517","構測試，另關於驗收外觀標準亦不明確，迄於108年7月 23日始函覆伊以樣布為準，則伊以上開履約爭議申請暫停履 約第1批及其後各批契約應屬有據，國防部片面解除第2、3 批抗彈布之契約非合法，依民法第179條規定，應返還伊上 開沒收之履約保證金420萬元，倘認國防部上開解約合法， 因沒收履約保證金之違約金約定金額過高，應酌減至履約保 證金之半數即各105萬元後，依民法第179條規定，國防部應 返還210萬元予伊。⑵國防部計罰逾期違約金1,400萬元部分 ：關於第2、3批部分，伊已...","02_輸入資料/法律課程資料庫-20260707T080337Z-3-001/法律課程資料庫/依年份分類/202604/臺灣高等法院民事/TPHV,113,重上,4,20260429,1.json"
"118","KSHV,107,建上,26,20260415,2","2026","20260415","臺灣高等法院高雄分院民事","返還不當得利等","建上","26","ai_assumed","62429041","31","95595962","42492075","是","0.444497","0.555503","1","1","1","1","1","1","業主可歸責、承包商可歸責、展延/免計工期爭議、實際損害不明/偏低、部分完成/部分驗收、業主已使用/受益","1","1","1","1","1","1","AI:業主可歸責、AI:承包商可歸責、AI:展延/免計工期爭議、AI:實際損害不明/偏低、AI:部分完成/部分驗收、AI:業主已使用/受益","397","有限公司（下稱帛鴻公司）施作，並以應付工程款扣抵另發 包之差價損失188萬6,149元（下稱系爭差價損失），僅給付 工程款1億4,220萬5,287元予伊。然附表所示工作之遲延完 工係因不可歸責於伊之事由所致，被上訴人不得扣抵系爭逾 期違約金及系爭差價損失。倘被上訴人抵扣系爭逾期違約金 有理由，違約金亦有過高，應予酌減，且不得再重複扣抵系 爭差價損失。依系爭契約第5條約定及承攬之法律關係，被 上訴人尚應給付工程款2,022萬3,754元（即18,337,605+1,886,1...","02_輸入資料/法律課程資料庫-20260707T080337Z-3-001/法律課程資料庫/依年份分類/202604/臺灣高等法院高雄分院民事/KSHV,107,建上,26,20260415,2.json"
"119","TPDV,113,建,132,20260424,2","2026","20260424","臺灣臺北地方法院民事","給付承攬報酬","建","132","ai_assumed","72863168","21","72286885","72286885","否","1","0","1","1","1","0","1","0","業主可歸責、承包商可歸責、展延/免計工期爭議、部分完成/部分驗收","1","1","1","","1","","AI:業主可歸責、AI:承包商可歸責、AI:展延/免計工期爭議、AI:部分完成/部分驗收","293","用執照」 期限為何？ ⒋展延工期後，原告遲延完成「申請使用執照」、「取得使用 執照」之日數為何？被告得請求之逾期違約金金額為何？原 告以此部分遲延僅涉及結構項目，與機電、裝修契約工作項 目無關，故僅能就結構契約部分計算逾期違約金，且應以結 構契約尚未付款金額為計罰上限，是否可採？ ⒌本件逾期違約金是否過高應予酌減？懲罰性違約金是否過高 、相當數額的審酌因素有哪些？如何審酌？ ㈡原告依系爭契約第6條、第7條、附件請款明細表請求被告四 人給付剩餘工程款995萬6,435元部分： ...","02_輸入資料/法律課程資料庫-20260707T080337Z-3-001/法律課程資料庫/依年份分類/202604/臺灣臺北地方法院民事/TPDV,113,建,132,20260424,2.json"
"120","TPDV,113,建,272,20260409,1","2026","20260409","臺灣臺北地方法院民事","履行契約等","建","272","ai_assumed","1000000","45","1631200","1277599","是","0.783226","0.216774","1","1","1","1","1","0","業主可歸責、承包商可歸責、展延/免計工期爭議、實際損害不明/偏低、部分完成/部分驗收","1","1","1","1","1","","AI:業主可歸責、AI:承包商可歸責、AI:展延/免計工期爭議、AI:實際損害不明/偏低、AI:部分完成/部分驗收","248","入瑕疵擔保階段，原告主張伊迄今仍未完工，與事實不符。 再系爭契約第16條第1項約定之遲延違約金並未明定係懲罰 性違約金，依民法第250條規定應視為損害賠償總額預定性 違約金，原告除請求違約金外，其另請求租金損失、工程瑕 疵損害顯屬重複請求；若認伊應負遲延違約之責，系爭契約 第16條第1項約定之違約金亦屬過高，請求依法予以酌減。 另原告提出之租賃契約承租人係惟美雅生物科技股份有限公 司（下稱惟美雅公司），並非原告，則惟美雅公司是否額外 支出租金，應與原告無涉，且該租約之租賃期間...","02_輸入資料/法律課程資料庫-20260707T080337Z-3-001/法律課程資料庫/依年份分類/202604/臺灣臺北地方法院民事/TPDV,113,建,272,20260409,1.json"
